"22","1318","전자신문","김한식 기자","전남테크노파크-광양만권HRD센터, 지역 취업생태계 조성·발전 업무협약 체결","2023-10-14 23:10:01","2023-10-14 23:10:01","전남테크노파크(원장 오익현)는 12일 전남동부권내 취업희망자 발굴 및 양성을 위해 광양만권HRD센터와 업무협약을 체결했다.이번 협약을 통해 전남테크노파크 신금속산업센터는 광양만권HRD센터와 지역내 취업희망자 지원 및 육성을 위하여 협업해 나갈 예정이다.내년에는 가칭) '2024 고정밀 기계부품가공 전문인력 양성과정'을 전남테크노파크 신금속산업센터에서 구축한 고정밀 가공장비를 활용해 발굴한 취업희망자를 대상으로하는 교육과정을 개설할 계획이다. 지역 기업에 필요한 전문인력을 양성할 방침이다.오익현 원장은 “지역 내 전문인력 채용에 어려움을 겪고 있는 기업들과 기계부품가공 분야에 취업을 희망하는 구직자를 매칭해 전문기업 육성 및 일자리 창출에 앞장설 것”이라고 말했다.","3","64",null
"24","1320","전자신문","김한식 기자","전남으뜸창업 플랫폼 '2023 대한민국 SNS대상' 공공부문 비영리분야 최우수상 수상","2023-10-14 23:04:01","2023-10-14 23:04:01","전라남도 중소벤처기업과 지원으로 전남창조경제혁신센터(센터장 강정범)가 운영하는 전남으뜸창업 플랫폼이 '제13회 2023 대한민국 소셜네트워크서비스(SNS) 대상'에서 공공부문 비영리분야 최우수상을 수상하는 영광을 안았다.센터는 전국 17개 창조경제혁신센터 최초로 '제13회 2023 대한민국 SNS대상' 공공부문에 응모했다. 전남으뜸창업 플랫폼의 최우수상 수상을 통해 전남창경센터와 스타트업 간의 소통이 효과적으로 진행됐음을 증명했다. 특히 올해는 제조업 창업 아카데미를 운영하고, 멘토링 DAY 행사를 개최함으로써 도내 스타트업들과 활발히 소통했다.센터는 2019년부터 전남으뜸창업 플랫폼을 운영하며 전남 지역의 32개 창업지원기관 간에 분산된 창업 관련 정보를 효과적으로 통합하고, 전문가(멘토)와 창업자(멘티) 간의 맞춤형 1대1 창업 멘토링 서비스를 제공하고 있다.전남으뜸창업 플랫폼은 전라남도민들의 창업 파트너로 함께 나가며 총 5700여 건의 멘토링을 제공했고 방문자 수는 15만 여명, 회원 수는 4200 여명을 돌파했다.강정범 센터장은 “플랫폼을 통한 소통 강화와 유익한 창업 정보 제공은 결국 지역 창업경쟁력 발전으로 이어질 것이라 믿는다”며 “앞으로도 시대 흐름에 맞춰 전라남도민들과 소통하고 공감하는 플랫폼으로 만들어 나가겠다”라고 말했다.'제13회 2023 대한민국 SNS대상'은 사단법인 한국소셜콘텐츠진흥협회가 주최하고 과학기술정보통신부 등이 후원하는 권위 있는 시상이다. 기업과 공공기관 분야별 온라인 채널의 활용·소통 지수를 측정해 매년 부문별로 심사를 진행하고 있다.","9","66",NULL
"45","1341","YTN","이형원 기자","예상 웃돈 美 CPI·중동발 불안에...증시 하락 마감","2023-10-13 23:23:12","2023-10-13 23:25:19","[앵커]지난달 미국 소비자물가지수, CPI가 시장 예상치를 웃돌면서 미국 국채 금리를 끌어올렸습니다.여기에 미국 정치권의 이란 제재 강화 주문까지 나오면서, 우리 증시도 하락 마감했습니다.이형원 기자입니다.[기자]내림세로 출발한 우리 증시는 반등하지 못한 채 장을 마쳤습니다.코스피는 전날보다 0.95%, 코스닥은 1.52% 하락 마감했습니다.달러 강세에 원화 값도 맥을 추지 못했습니다.원-달러 환율은 11.5원 오른 1,350원에 거래를 끝냈습니다.미국 국채 금리가 오르면서 투자 심리가 쪼그라든 탓이 컸습니다.미국 소비자물가지수, CPI가 시장 예상치를 웃돌면서 긴축 장기화 가능성에 힘을 실은 겁니다.예상을 벗어난 폭은 0.1%p에 불과했고, 근원 CPI는 예상치에 부합했지만 시장은 예민하게 받아들였습니다.[이정환 / 한양대학교 경제금융대학 교수 : (미국) 연방 정부의 기준 금리 정책 같은 것들이 또 조금 불확실한 측면들이 있어서 불확실성이 큰 상황에서 이제 뉴스에 조금 과민하게 반응하는….]여기에 중동 무력 충돌발 악재도 불안 요소로 작용했습니다.미국 정치권에서 하마스 배후로 지목된 이란 제재를 강화해야 한다는 주문이 나오자, 불확실성이 커진 겁니다.[주 원 / 현대경제연구원 경제연구실장 (굿모닝와이티엔 출연) : 중동 지역의 지정학적 위험도 있고, 그리고 미국 자동차 기업들 주가가 최근에 좀 안 좋습니다. 파업 때문에, 자동차 노조 파업 때문에 안 좋고요. 그런 여러 가지 복합적인 원인으로….]고금리 기조 장기화 우려 속에 중동 충돌이 확대되거나 길어진다면 우리 증시와 환율 변동 폭은 더 커질 수밖에 없습니다.YTN 이형원입니다.영상편집 : 김희정그래픽 : 이원희※ '당신의 제보가 뉴스가 됩니다'[카카오톡] YTN 검색해 채널 추가[전화] 02-398-8585[메일] social@ytn.co.kr","6","83",NULL
"26","1322","연합뉴스TV","최진경 기자","'수원 전세사기' 피해 확산…주말 설명회도 인파 몰려","2023-10-14 23:02:02","2023-10-14 23:02:02","[앵커] 수원 전세사기 피해가 계속 커지고 있습니다. 경찰에 접수된 고소장만 130건을 넘겼는데요. 경기도가 연 피해자 설명회에는 주말임에도 많은 임차인들이 설명회장을 찾았습니다. 보도에 최진경 기자입니다.[기자]경기도 옛 청사에서 열린 수원 전세피해자를 위한 현장설명회 입니다.아이와 함께 나온 가족부터 주말 쉬는 시간을 쪼개 나온 사회초년생까지, 회의장은 빈 자리를 찾기 어려울 정도로 사람이 몰렸습니다.<최진경 기자 (highjean@yna.co.kr)> 두 번째로 진행되는 설명회인데도 150명 넘는 임차인들이 모여 높은 관심을 보였습니다.설명회에서는 전세사기 특별법과 전세사기 고소절차 안내, 1:1 법률 상담 등이 진행됐습니다.<염태영 / 경기도 경제부지사> 경기도는 지난 3월 대규모 갭투자 전세사기 이후에 전세지원피해센터를 운영하고 있습니다. 여기에서 법률, 긴급금융지원, 긴급주거상담 이런 것들을 해드리고 있고…하지만 피해자들의 불안감은 쉽게 해소되지 않았습니다.특히 정부와 지자체의 금융지원 요건이 여전히 까다롭다며 좀 더 실질적인 지원이 나오길 기대했습니다.<수원 전세사기 피해자> 소득구간을 늘린다거나 금리를 좀 더 낮춰서 최대한 부담을 줄인다거나 아니면 다른 주택을 구입해서 나갈 때 대출금 상환을 일시유예시킨다거나 하는 그런 지원이 있어야…경찰에는 '수원 전세사기' 의혹과 관련한 임대인 정모 씨 부부 등을 처벌해달라는 고소장이 130건 넘게 접수됐습니다.지난 6일 6장의 고소가 접수된 이후 일주일 만에 100건 이상의 고소가 빗발칠 정도로 피해가 늘어난 것입니다.고소장에 적시된 피해 액수는 180억여원에 달합니다.경찰은 이 사건의 피고소인 정씨 부부에 대한 출국금지 조치를 한 데 이어, 아들까지 출국금지 조치했습니다.검찰은 해당 사건과 관련한 전담수사팀을 꾸려 피해자 보호와 지원 방안 등에 대한 논의를 이어가고 있습니다.연합뉴스TV 최진경입니다. (highjean@yna.co.kr)#수원 #전세사기 #피해자 #현장설명회연합뉴스TV 기사문의 및 제보 : 카톡/라인 jebo23","7","68",NULL
"27","1323","YTN","최연호 기자","[상암동비디오] 버스를 그대 품안에","2023-10-14 23:00:53","2023-10-14 23:09:29","1970년대부터 1990년대에는 버스를 타기 위해 현금이나 작은 엽전 모양의 '토큰', 또는 종이로 된 '회수권'을 준비해야 했습니다.버스 요금을 현금으로 지불하는 경우, 잔돈을 거슬러주고 받아야 하는 번거로움 때문에 토큰이나 회수권을 탑승 전 미리 구입하는 식으로 불편을 덜었습니다.이런 편리함 덕분에 버스 토큰은 빠르게 상용화되었지만, 버스 요금이 오르기 전 사재기하는 사람들이 많아지면서 인상 때마다 토큰 색상을 변경해야 했습니다. 발 빠르게(?) 토큰을 미리 구입한 시민들은 결국 인상 금액을 추가로 내고 새 토큰으로 바꾸는 수고를 감수해야 했습니다.토큰에 비해 싼 가격으로 대량 생산할 수 있었던 회수권은 1회 사용 후 폐기해야 하는 환경문제도 있었지만, 종이로 제작되다 보니 위조가 쉬워 범죄가 빈번하게 발생했습니다.그래서 등장한 버스 카드! 앞의 문제점들이 모두 보완되어 편리함으로 무장했지만, 수요에 비해 턱없이 부족했던 공급과 카드 충전시설의 부족으로 사용에 불편을 겪었습니다.이제는 버스 안에서 거스름돈이나 10장이 11장으로 바뀌는(?) 회수권 때문에 실랑이하는 모습은 찾아볼 수 없습니다.대신 교과서 사이에 끼워 둔 회수권을 발견하는 행운이나, 지역마다 달랐던 회수권을 모으는 재미도 사라진지 오래죠.그때 그 시절, 버스 요금 지불 수단의 변천사를 이번 주 상암동 비디오를 통해서 보여드립니다!저작 : 최연호 [cyh0811@ytn.co.kr]#YTN #상암동비디오 #레트로 #라떼는말이야 #추억소환 #90년대 #버스 #토큰 #회수권 #버스카드 #오라이 #잔돈 #엽전 #저이번에내려요※ '당신의 제보가 뉴스가 됩니다'[카카오톡] YTN 검색해 채널 추가[전화] 02-398-8585[메일] social@ytn.co.kr","4","69",NULL
"128","1541","머니투데이","정진솔 기자, 김지은 기자","일부러 아사히도 안 샀어요…'축구 金' 함성 폭발한 홍대[르포]","2023-10-07 23:43:20","2023-10-07 23:52:01","2022 항저우 아시안게임 남자축구 결승전에서 대한민국 대표팀이 일본을 물리치고 금메달을 거머쥐자 서울 마포구 홍대 레드로드 일대에는 기쁨의 함성이 울러펴졌다. 시민들은 길을 걷다가도 대~한민국 오 필승 코리아를 외치고 집에서 가져온 태극기를 활짝 펼쳐 힘차게 흔들었다. 승리의 기쁨에 심취해 의자 위에 올라가 춤을 추다가 의자 다리가 망가지기도 했다. 40대 황인극씨는 진짜 말로 표현할 수 없을 만큼 행복하다며 첫 골 먹혔을 때도 전혀 불안하지 않았다. 선수들이 잘할거라 믿었는데 이렇게 승리하니 정말 너무 행복하다고 말했다. 홍현승씨(26) 역시 금메달은 너무 당연한 결과였다며 한일전은 무조건 이겨야 했다. 너무 재밌는 시간이었고 다같이 응원하니 몰입도 되고 하나되는 기분이었다고 말했다.  황선홍 감독이 이끄는 축구 대표팀은 7일 오후 9시쯤 중국 항저우의 황룽 스포츠센터 스타디움에서 일본을 상대로 결승전을 벌였다. 홍대 일대는 경기 시작 3시간 전부터 빨간 티셔츠에 붉은 악마 머리띠, 빨간 풍선 막대를 든 사람들이 속속히 등장했다. 주최 측인 마포구청에 따르면 이날 현장에는 4000여명의 시민이 모였다. 시민들은 대형 스크린 앞에 마련된 약 660개 의자에 앉아 응원전을 벌였다. 경기 시작 시간이 다가오자 홍대 일대는 사람들로 꽉 차 이동이 어려웠다. 일부 시민들은 인근 카페 난간 위에 올라가 자리를 잡았다. 시민들 중에는 2002년 월드컵 때 입었던 옷을 그대로 입고 나온 사람도 있었다. 태극 문양 페이스 페인팅에 축구 유니폼을 입고 부모님과 함께 이곳을 찾은 초등학생도 있었다.  이날 현장을 찾은 김모씨(20)는 이강인, 정우영 선수를 응원 하려고 직접 찾아왔다며 이태원 참사 뒤에 안전사고가 걱정돼서 올까 말까 고민을 했는데 그래도 잘 온 것 같다. 응원을 하니까 하나가 되는 기분이고 피가 더 끓어오른다고 말했다. 이날 경기 시작 후 전반전 2분만에 일본 우치노 코타로 선수가 첫 골을 넣자 현장 분위기는 급격히 어두워졌다. 시민들은 아 뭐야 안돼 안돼 등을 외치며 아쉬움을 드러냈다. 하늘 높이 들고 있던 풍선 막대도 아래로 내려놓고 허망한 표정을 지었다. 실점 이후 일본팀이 공을 잡을 때마다 어! 오!하며 가슴을 졸였다. 전반전 26분 우리나라 정우영 선수가 동점골을 넣자 분위기는 역전됐다. 시민들은 자리에서 벌떡 일어나 옆에 있는 사람들과 어깨동무를 하고 펄쩍 펄쩍 뛰었다. 응원단장의 북소리 선창과 함께 대~한민국 함성 소리가 이어졌다. 후반전 11분 조영욱 선수가 역전골을 만들자 시민들은 고함을 지르며 기뻐했다. 여기저기서 오 필승 코리아 노래가 울려 퍼지고 시민들은 서로 얼싸 안으며 그렇지! 군 면제는 스스로 따내야지라고 말했다. 외국인들은 함성에 놀라 가던 길을 멈추고 경기를 보기도 했다. 시민들은 2대 1이 된 뒤에도 긴장감을 놓치 않았다. 선수들이 수비에 나설 때는 붙어야지 압박해야지 가야지, 가야지라고 외쳤다. 박진섭 선수가 부상 투혼을 발휘하며 경기에 나서는 모습을 보며 이거지, 이거지 이게 한국이지라고 말했다. 후반전 마무리 2분을 남겨두고서는 빨리 차 가자, 가자 할 수 있어 버텨라, 버텨 등의 응원을 했다.한편 이날 현장에는 경찰 280여명, 자율방범대와 마포구청 안전요원 380여명이 배치됐다. 경기가 끝난 뒤에 시민들은 경찰과 마포구의 통제에 맞춰 퇴장했다. 마포구청 관계자는 사람 몰리는 곳을 위주로 AI(인공지능) 인파 관리 시스템을 운영했다며 사람이 갑자기 몰리면 경고 방송이 나오도록 시스템을 마련하고 CCTV(폐쇄회로TV)로 실시간 모니터링을 하는 등 안전 사고에 대비했다고 말했다.","7","147","6"
"86","1382","YTN","윤해리 기자","원희룡 검단 아파트 보상, LH·GS 책임 다하게 할 것","2023-10-10 23:35:56","2023-10-10 23:39:01","원희룡 국토교통부 장관은 지하주차장이 붕괴한 인천 검단 아파트 보상안과 관련해 발주처인 한국토지주택공사와 시공사인 GS건설이 책임을 다하도록 하겠다고 강조했습니다.원 장관은 오늘(10일) 국회 국토교통위원회 국정감사에서 입주 예정자에 대한 보상안이 여의치 않다는 언론 보도를 보고 있다며 LH와 GS건설이 책임을 다하도록 감독자로서 역할을 하겠다고 밝혔습니다.또 서울∼양평 고속도로 종점 변경 특혜 의혹에 대해선 만약 장관과 국토부 직접 지휘 아래에 간부들이 관여해 노선을 부당하게 변경하거나 결탁했다는 사실이 확인되면 모든 책임을 지겠다고 말했습니다.※ '당신의 제보가 뉴스가 됩니다'[카카오톡] YTN 검색해 채널 추가[전화] 02-398-8585[메일] social@ytn.co.kr","3","73",NULL
"31","1327","전자신문","김한식 기자","전남창조경제혁신센터, '국제농업박람회 해외바이어 농산품 수출상담회' 성료","2023-10-14 22:56:01","2023-10-14 22:56:01","전남창조경제혁신센터(센터장 강정범)는 13일 전남 순천에서 '2023 국제농업박람회 해외바이어 농산품 수출상담회'를 개최해 총 205건, 수출계약 2000만 달러(한화 약 270억원)규모의 수출 상담 성과를 거뒀다.이번 수출상담회는 농산품에 특화된 미국, 인도, 몽골 등 총 14개국의 해외바이어 및 전남도의 우수 수출기업 48개사 참여했다. 이날 참석한 기업들은 수출바이어와 1:1 온·오프라인 맞춤형 상담과 함께 전라남도 통상닥터, 한국농수산식품유통공사(aT) 수출 전문가를 통해 맞춤형 컨설팅 등 추가 상담을 지원 받았다.현장에서는 △예인티앤지 △HCBIOTECH △㈜청산바다 △완도맘영어조합법인 △완도물산영어조합법인 △좋은영농조합법인 등 11개사 기업이 참가 바이어에게 큰 호응을 얻어 약 2000만 달러(한화270억원) 규모의 수출계약을 현장에서 체결하는 성과를 거뒀다.강정범 센터장은 “전남도내 수출기업의 경쟁력을 확인 할 수 있는 좋은 기회였으며, 이번 2023 국제농업박람회 농산품 수출상담회에서 수출계약을 체결하는 좋은 성과를 거두게 돼 매우 기쁘다”면서 “앞으로도 해외시장 진출을 위해 다양한 지원을 아끼지 않겠다”고 말했다.","2","74",NULL
"114","1527","KBS","김철우 기자","충남 서천서 도로 무단횡단하던 행인 2명 차량에 치여 숨져","2023-10-07 23:59:08","2023-10-08 06:42:01","오늘(7일) 저녁 7시 반쯤 충남 서천군 장항읍의 한 4차선 도로를 무단 횡단하던 60대 여성 등 행인 2명이 차량에 치였습니다. 이 사고로 68살 A씨 등 행인 2명은 심정지 상태에서 인근 병원으로 이송됐고, 끝내 숨졌습니다. 경찰 관계자는 차량 운전자가 음주를 하지 않았다고 말했습니다. 경찰은 차량 운전자가 횡단보도가 없는 도로에서 직진을 하다 길을 건너던 보행자를 미처 보지 못해 사고가 난 것으로 보고, 정확한 사고 경위를 조사 중입니다.","7","133",NULL
"115","1528","KBS","송민석 기자","대전시, 자치구 순회 전세사기 피해 상담","2023-10-07 23:57:47","2023-10-08 00:56:22","[KBS 대전]대전시가 자치구별로 '찾아가는 전세사기 상담'을 실시합니다.상담 장소는 동구 가양동과 중구 신성동, 서구 월평동과 유성구 전민동과 대덕구 중리동 행정복지센터로 자치구별로 지정된 날을 확인해 방문하면 지원 상담을 받을 수 있습니다.","7","134",NULL
"29","1325","매일경제","류영상 기자","[속보] 이스라엘 체류 한국인 등 220명 태운 군수송기 서울공항 도착","2023-10-14 22:57:01","2023-10-14 23:16:00","이스라엘에서 한국인 교민 등 220명을 태운 군수송기가 14일 밤 서울공항에 도착했다.정부는 지난 13일 군수송기 및 신속대응팀을 이스라엘에 파견했다. 군 수송기에는 우리 국민 163명을 비롯해 일본 국민 51명, 싱가포르 국민 6명이 탑승했다.","3","71","3"
"32","1328","데일리안","유정선 기자","로또1089회당첨번호 '4·18·31·37·42·43'…1등 당첨지역 어디?","2023-10-14 22:52:01","2023-10-14 22:52:01","[데일리안 = 유정선 기자] 14일 동행복권은 1089회 로또 당첨번호가 '4·18·31·37·42·43'번이라고 밝혔다.보너스 번호는 40번이다.당첨번호 6개를 모두 맞힌 1등 당첨자는 9명으로, 각각 29억7852만원씩 받는다.로또 1등 당첨지역은 부산 3곳, 인천 2곳, 울산 1곳, 경기 수원 1곳, 경기 화성 1곳, 전북 전주 1곳이다.선택 유형은 자동 6명, 수동 3명이다.한편 로또 추첨 시간은 매주 토요일 오후 8시 35분이며, MBC를 통해 방송된다.","7","75","2"
"30","1326","데일리안","김남하 기자","박수홍 측 故 김용호에게 허위사실 제보했던 형수 고소 예정…임신·낙태 발언은 거짓","2023-10-14 22:57:01","2023-10-14 22:57:01","[데일리안 = 김남하 기자] 친형 부부와 법정 공방을 벌이고 있는 방송인 박수홍이 자신의 사생활 관련, 故 김용호에게 허위 사실을 제보한 형수를 명예훼손 혐의로 고소하겠다고 밝혔다.14일 복수의 언론보도에 따르면 박수홍 법률대리인 노종언 변호사는 유튜버 김용호 씨가 사망하면서 허위사실 유포 및 명예훼손 관련 수사 건이 '공소권 없음'으로 종결됐다며 수사 과정에서 밝혀진 내용을 바탕으로 박수홍 형수를 고소할 예정이라고 이날 밝혔다.지난 12일 극단 선택으로 숨진 김씨는 2021년 4월부터 8월까지 자신의 유튜브 채널을 통해 허위 사실을 유포해 박수홍 부부의 명예를 훼손한 혐의를 받았다.박수홍 측은 2021년 8월 김씨를 고소했고 지난해 10월 불구속기소됐다. 하지만 김씨가 사망하면서 해당 사건은 공소권 없음으로 마무리됐다.이와 관련 박수홍의 변호인은 어제 친형 부부의 횡령 혐의 재판에서 아버지, 어머니가 말씀하셨던 박수홍의 사생활을 비난한 내용이 예전에 김씨가 박수홍과 아내를 허위사실로 명예훼손 했을 때 말했던 25가지 허위사실과 거의 일치한다며 임신과 낙태 발언도 김씨의 혐의에 대해 검찰이 모두 허위로 보고 기소했다”고 주장했다.그러면서 재판 진행 당시 김씨 법률대리인은 박수홍 형수에게 제보받아 방송했다는 증거를 내놨다며 박수홍 형수에 대해 허위사실 유포 및 명예훼손으로 고소장을 제출하고, 임신 및 낙태 관련 (허위) 발언을 바로 잡을 계획이라고 설명했다.이어 박수홍 부모님은 김용호 재판 과정에서 허위 사실로 밝혀진 내용을 사실처럼 증언했다라며 아무래도 친부모를 고소하기가 어렵다는 점을 이용한 것이 아닌가 싶어 안타깝다라고 덧붙였다.끝으로 비자금 관련 내용도 터무니없는 사실이다. 자기가 번 돈을 통장으로 찾아 비자금을 만든다는 것은 상식적으로 이해하기 힘든 내용이라고 말했다.한편 박수홍의 큰형 부부는 지난 2011년부터 2021년까지 10년간 박수홍의 매니지먼트를 전담하는 과정에서 회삿돈과 박수홍의 개인 자금 등 총 61억7000만 원을 횡령한 혐의를 받고 있다.지난 13일 서울서부지법 형사합의11부(부장판사 배성중) 심리로 박수홍 친형 부부의 특정경제범죄 가중처벌 등에 관한 법률위반(횡령) 혐의 공판이 열렸다. 이날 공판에는 박수홍의 아버지인 박모씨와 어머니 지모씨가 친형 부부의 요청에 증인으로 나섰다. 박수홍 형제의 부모는 출석을 앞두고 취재진을 만나 큰아들의 무죄를 주장했다.지씨는 한 매체에 박수홍의 아내를 비롯해 그를 돕고 있는 세무사와 노종언 변호사에 대해 수홍이에게 다 계획적으로 접근했다고 주장했다.다음 공판은 오는 12월 1일 오전 11시10분께 열릴 예정이다.","7","72","5"
"116","1529","연합뉴스","윤보람 기자, 안정훈 기자","[아시안게임] 축구 금빛승리에 홍대 거리 '붉은물결' 열광(종합)","2023-10-07 23:57:26","2023-10-07 23:58:07","(서울=연합뉴스) 윤보람 안정훈 기자 = 7일 저녁 항저우 아시안게임 남자 축구대표팀이 숙명의 라이벌 일본을 꺾고 금메달을 확정 짓자 서울 마포구 홍대 거리는 '붉은악마'의 환호와 박수로 가득 찼다.    주최 측 추산 4천여명이 몰린 홍대 거리 응원광장에서는 경기가 끝나고 한참 동안 많은 시민이 자리를 뜨지 않고 승리의 기쁨을 만끽했다. 서늘한 가을밤 날씨도 이곳의 열기를 식히지 못했다.    붉은 티셔츠, 붉은 응원막대, 붉은 야광봉, 붉은악마 머리띠 등 다양한 응원 아이템을 갖추고 경기 내내 한 마음으로 응원했던 축구 팬들은 함께 온 연인, 친구, 가족과 얼싸안았다.    응원광장 주변 식당과 술집에 삼삼오오 모여 중계 화면을 바라보던 시민들 사이에서도 환호성이 터져 나왔다. 홍대거리는 단숨에 축제 현장이 됐다.    제주도에서 친구들과 왔다는 대학생 오진혁(25)씨는 처음 실점하고 경기 시작 10분까지는 일본 선수의 압박이 심했는데 그 이후에는 대표팀이 잘 풀어간 것 같다며 뿌듯해했다.    오씨는 엄원상 선수가 테클을 당해 넘어졌음에도 다시 일어나서 슛을 한 장면이 가장 인상 깊었다. 이기고 있음에도 끝까지 확실하게 마무리를 짓는 우리 대표팀의 투혼을 보여줬다며 감격에 겨워 말했다.    여의도에서 불꽃축제를 구경하다 후반전을 보기 위해 자녀와 함께 왔다는 최인호(45)씨는 2002년 월드컵 응원을 기억하고 왔다며 아이들이 거리 응원이 처음인데 좋았다고 말해줘서 뿌듯하고 경기도 이겨서 더 뜻깊었다고 웃었다.    최씨 아들 지율(11)군은 아버지랑 누나랑 함께 즐거운 추억을 쌓아서 좋다. 같이 대표팀을 응원하고, 축하공연도 있어서 더욱 행복했다고 수줍게 말했다.    경기 시작 2분 만에 우치노 고타로의 골로 실점하자 시민들 탄식하며 아쉬움을 숨기지 못했다.    응원 분위기가 다소 가라앉았지만 이내 다시 응원막대를 흔들며 멀리서 분투하는 대표팀에게 격려를 보냈다.    20여분 뒤 정우영의 헤더로 만회 골이 터지자 시민들은 기다렸다는 듯 자리에서 일어나 응원봉을 흔들면서 환호성을 터뜨렸다.    득점 장면을 반복해서 보여줄 때마다 새로 골이 들어간 것처럼 '대∼한민국'을 외치며 환호를 이어갔다. 한 시민은 마치 자신이 골을 넣은 양 오른손을 하늘을 향해 휘두르며 세리머니를 했다.    후반 11분 조영욱의 짜릿한 역전 골이 터지자 '오 필승 코리아' 응원가가 광장을 가득 메우며 승리를 향한 기대감이 한껏 고조됐다.    앉아있던 시민들은 자리를 박차고 일어나 환호하며 태극기와 응원봉을 연신 흔들었다. 축구 사랑으로 유명한 김흥국은 신명 나게 꽹과리를 치며 흥을 북돋웠다.    점수 차가 크지 않은 탓에 경기 내내 입을 틀어막고 긴장한 채 경기를 지켜보는 시민들도 있었다. 일부는 조영욱이 쇄도한 끝에 찬 슛이 아쉽게 골대를 벗어나자 자리에서 벌떡 일어나며 탄식을 내뱉었다.    추가 득점을 놓친 아쉬움은 다시 응원 구호를 외치며 달랬다. 거친 몸싸움 장면이 나올 때마다 일본 선수들에게 화를 내기도 했다.    남은 경기 시간이 얼마 남지 않자 시민들은 끝났다를 외치며 기쁨을 만끽했다. 마침내 심판의 휘슬이 울리고 한국의 금메달이 확정 짓자 환호성과 박수로 투혼을 보내준 국가대표팀에게 답례했다.    이날 마포구는 원활한 행사 진행을 위해 경찰과 소방에 인력 지원을 요청하고 구 안전요원 348명을 투입해 교통 통제와 인파 관리를 했다. 또 홍대 6개소에 설치된 인공지능(AI) 인파밀집 스마트 관리 시스템을 활용해 안전사고에 대비했다.    bryoon@yna.co.kr","7","135","6"
"117","1530","KBS","이정은 기자","서천 펜션서 불…투숙객 1명 다쳐","2023-10-07 23:57:18","2023-10-08 00:56:15","[KBS 대전]어젯밤 9시 50분쯤, 서천군 서면 마량리 펜션 2층 객실에서 불이 나 30분 만에 꺼졌습니다.이 불로 투숙객 1명이 다치고 소방서 추산 천7백만 원 상당의 재산피해가 났습니다.경찰과 소방당국은 객실에서 펑 하는 소리와 함께 불이 났다는 신고자의 말을 토대로 정확한 화재 원인을 조사하고 있습니다.","4","136","7"
"118","1531","KBS","이정은 기자","보령 해수욕장서 승마 체험 50대 다쳐","2023-10-07 23:56:56","2023-10-08 00:56:08","[KBS 대전]어제 오전 11시 50분쯤, 보령시 오천면 원산도 해수욕장에서 50대 여성이 말에서 떨어져 크게 다쳤습니다.다친 여성은 신고를 받고 출동한 소방헬기에 의해 가까운 병원으로 옮겨졌습니다.경찰과 소방당국은 동호회원들과 승마 체험을 하던 중 사고가 난 것으로 보고 목격자들을 상대로 사고 경위를 조사하고 있습니다.","5","137",NULL
"43","1339","뉴시스","이재준 기자","[올댓차이나] 9월 中 신규대출 427조로 증가…적절 통화·금융 환경 조성","2023-10-13 23:39:03","2023-10-13 23:39:03","[서울=뉴시스]이재준 기자 = 중국 2023년 9월 위안화 신규융자는 2조3100억 위안(약 427조1652억원 3161억5000만 달러)에 달했다고 중시신문망(中時新聞網)과 거형망(鉅亨網) 등이 13일 보도했다.매체는 중국인민은행이 이날 발표한 9월 금융통계 데이터 보고를 인용해 위안화 신규대출이 8월 1조3600억 위안에서 9500억 위안이나 대폭 늘어났다고 전했다.시장 예상 중앙치는 2조5000억 위안인데 실제로는 1900억 위안 밑돌았다. 9월 신규융자는 전년 동월 2조4700억 위안에 비해선 1600억 위안 적었다.주택 담보 대출을 중심으로 하는 가계 대상 융자는 8585억 위안으로 전월 3922억 위안보다 4663억 위안 증가했다.기업 대상 융자는 1조6800억 위안으로 8월 9488억 위안에서 7312억 위안 늘어났다. 9월 말 시점에 위안화 융자 잔고는 234조5900억 위안으로 지난해 같은 달에 비해 10.9% 증대했다. 시장 예상치와 8월 11.1% 증가를 약간 하회했다.1~9월 누계 위안화 신규융자는 19조7500억 위안으로 전년 동기 대비 1조5800억 위안 늘었다.통화공급량 M2 잔고는 9월 말 289조6700억 위안으로 전년 동월보다 10.3% 증가했다. 9월 사회융자 총량 잔고(TSF)는 작년 동월보다 9.0% 늘었다. 8월과 신장률이 같았다.사회융자 총량은 통상 은행융자에 더해 신규주식 공모(IPO), 투자신탁사 대출, 채권 발행 등을 합친 광의 여신과 유동성을 나타낸다.9월 사회융자 총량은 4조1200억 위안으로 8월 3조1200억 위안에서 1조 위안이나 팽창했다. 시장 예상치 3조8000억 위안을 3200억 위안 넘어섰다. 쩌우란(鄒瀾) 인민은행 금융정책 사장은 9월 신규대출이 7월과 8월에 비해 증가세를 뚜렷하게 회복했다며 광의 통화공급량 잔고 증가 속도가 10% 안팎으로 비교적 높은 수준을 유지하고 기업대출 가중평균 금리는 사상 최저치에 있으며 신규 부동산 개발 대출, 개인 주택 담보 대출이 확실히 회복하고 소액대출, 제조업 장기대출은 전체 대출보다 빠르게 성장하고 있다고 분석했다.인민은행은 1~9월 금융 데이터에서 유동성이 합리적이고 풍부하며 신용구조가 지속해서 최적화했으며 실물경제 자금조달 비용이 줄고 경제회복을 위한 적절한 통화와 금융 환경을 제공했다고 강조했다.","6","80",NULL
"44","1340","YTN","오인석 기자","9월 취업자 30만 9천 명↑...청년·제조업은 감소세","2023-10-13 23:24:39","2023-10-13 23:29:02","9월 취업자 수 증가 폭이 3개월 만에 30만 명대로 회복됐지만. 청년층과 제조업 취업자는 줄어드는 흐름이 계속됐습니다.통계청이 발표한 9월 고용동향에 따르면, 지난달 취업자는 2천 869만 8천 명으로 1년 전 같은 달 보다 30만 9천 명 늘었습니다.취업자는 7월 21만 1천 명, 8월 26만 8천 명이 증가해 20만 명대 증가를 보이다 3개월 만에 30만 명을 넘었습니다.보건복지서비스업이 11만 8천 명, 숙박과 음식점업이 6만 6천 명 늘어났지만 제조업은 7만 2천 명, 부동산업은 3만 6천 명 줄었습니다.제조업은 9개월 연속, 부동산업은 5개월째 취업자가 감소했습니다.연령계층별로는 60세 이상에서 35만 4천 명이 증가한 반면, 20대는 8만 6천 명, 40대는 5만 8천 명이 각각 감소했습니다.15∼29세 청년층은 취업자가 8만 9천 명 줄며 11개월째 감소세가 이어졌습니다.※ '당신의 제보가 뉴스가 됩니다'[카카오톡] YTN 검색해 채널 추가[전화] 02-398-8585[메일] social@ytn.co.kr","6","82",NULL
"46","1342","KBS","정상빈 기자","동해시, 항만 활성화 강원특별법 특례발굴 추진","2023-10-13 23:21:49","2023-10-13 23:53:16","[KBS 강릉]동해시가 항만 활성화를 위해 산업 분야 강원특별법 특례 발굴을 추진합니다.이번 용역은 다음 달(11월) 말까지 진행되며, 해양 항만 등 산업 분야 조사 분석을 통한 특례법안 설계와 특별 지방행정기관 이관 특례 발굴 등이 담깁니다.동해시는 용역 결과를 활용해 강원특별법 개정을 위한 특례 발굴 요구 등을 할 계획입니다.한편, 동해시는 항만 활성화를 위해 강원특별법에 6개 특례 반영을 요구했지만, 동해항 자유무역지정 특례만 반영됐습니다.","3","84",NULL
"126","1539","KBS","이종영 기자","경북대, 국제 바칼로레아 교사 양성 기관인증","2023-10-07 23:44:22","2023-10-08 00:46:31","[KBS 대구]경북대 교육대학원이 국제바칼로레아, IB 교사를 양성하는 기관 인증을 받았습니다.인증받은 IB교사 자격 수료 과정은 중학교와 고등학교 과정으로, 경북대는 내년 3월부터 석사학위 과정과 비학위과정을 운영합니다.IB는 스위스에 본부를 둔 비영리 교육재단인 IBO가 개발·운영하는 토론·탐구 중심의 국제 공인 교육프로그램입니다.","7","145",NULL
"127","1540","KBS","김도훈 기자","“환경부 직무 유기로 내성천 일대 환경 훼손”","2023-10-07 23:43:56","2023-10-08 00:46:24","[KBS 대구]환경부의 직무유기로 내성천 일대의 자연 생태가 훼손되고 있다는 지적이 제기됐습니다.이은주 국회 환경노동위원의 국감 자료를 보면 환경부는 지난 2018년 1억 5천여 만 원을 들여 내성천 일대의 자연 생태적 가치가 우수하다는 연구 용역 결과를 받았지만, 이후 아무런 후속 조치를 하지 않은 것으로 드러났습니다.이 의원은 환경부의 직무 유기로 내성천 환경이 훼손되고 있다면서 지금이라도 내성천 일대의 생태·경관 보전지역 지정을 검토해야 한다고 지적했습니다.","4","146",NULL
"48","1344","KBS","이청초 기자","‘인구소멸지역’ 집 부족…“임대주택 기준 완화해야”","2023-10-13 23:19:26","2023-10-13 23:53:01","[KBS 강릉] [앵커] 일자리가 있어도 살 곳이 마땅치 않아 농어촌 지역을 떠나는 청년들이 적지 않습니다. 이들을 위한 공공임대주택도 지어지고 있지만, 도시와 입주 기준이 같다 보니 정주 여건이 더 낳은  인근 도시를 택하고 있습니다. 인구소멸지역에 맞게 임대주택 기준을 완화해야 한다는 지적이 제기되고 있습니다. 이청초 기자입니다. [리포트] 결혼한 지 1년이 채 안 된  30대 직장인. 화천에 직장이 있지만 정작 집을 구하지 못해, 춘천에서 출·퇴근하고 있습니다. 화천엔 전·월세 물건이 없을뿐더러,  그나마 나온 곳은 오래된 데다 임대료도  춘천과 비슷하기 때문입니다. [김정훈/춘천시 퇴계동  :  화천에서 태어나고 자라고, 여기서 학교도 다 나오고 일도 여기서 하기 때문에 주거 여건만 되면 바로 들어오고 싶은 생각입니다.] 2021년 말 기준, 화천지역의 주택보급률은 99.7%로 전국 평균 102%를 밑돕니다. 특히, 젊은 층이 선호하는 아파트 비율은 전국 평균의 절반에도 못 미칩니다. 반면, 30년 이상 된 노후주택은 전국은 물론 강원도 평균을 크게 웃돕니다. 이러다 보니,  화천지역 공공기관 직원 가운데 절반 이상이 인근 도시인 춘천에 살며 출·퇴근을 하고 있는 실정입니다.  화천군과 한국토지주택공사 LH가 내년 입주를 목표로 공공임대주택을 짓고 있지만, 입주 자격 요건이 까다롭다는 목소리가 나옵니다.  주택 소유 여부와 소득 기준 등이 도시와 농어촌에 상관없이 똑같다 보니, 같은 조건이면 도시를 선택한다는 겁니다.  [김진혁/화천군 화천읍  :  같은 환경이면 춘천이나 도시로 많이 가는게.  지금은 임대주택 같은 경우에 규제가 너무 세고 그러다 보니까….] 이 때문에 인구소멸지역만이라도 공공임대주택의 자격 요건을 완화해야 한다는 요구가 나오고 있습니다.  [최수명/화천군 기획감사실장  :  젊은 층들이 경제활동을 하면서 이곳에 남아주면 화천군은 지역 소멸에서 벗어날 수 있지 않을까 그런 생각을 합니다.] 화천군은  이 같은 내용을 담은 정주 여건 개선 방안의 반영을 강원특별법 3차 개정안에 건의하고,  조만간 정부에도 요구할 계획입니다. KBS 뉴스 이청초입니다. 촬영기자:임강수","10","86",NULL
"121","1534","KBS","박웅 기자","“심장·뇌혈관질환 전공의, 전북에는 5명 뿐”","2023-10-07 23:53:01","2023-10-08 00:53:01","[KBS 전주]주요 사망 원인인 심장질환과 뇌혈관질환을 전문적으로 치료할 의사가 전북에는 소수 인원만 있는 것으로 나타났습니다.국회 보건복지위 소속 민주당 김원이 의원이 공개한 자료를 보면, 전북에는 심장혈관흉부외과 전공의가 단 1명, 신경외과 전공의는 4명 뿐입니다.반면 절반이 넘는 전공의들이 서울·경기·인천 등 수도권에 편중되어 있어 지방 의료와의 격차가 컸습니다.전북권역 심뇌혈관질환센터로 지정된 익산 원광대병원에서 입원했거나 진료를 받은 환자들은 지난해 기준 3만 5천여 명으로 집계됐습니다.","5","140",NULL
"122","1535","한겨레21","한겨레21 기자","내 아기 헨리와 함께 평생 시체안치실에 있겠어","2023-10-07 23:53:01","2023-10-07 23:53:01","“사망 시각 19:34.”나직이 뱉은 말이 병실의 공기를 울렸다. 잠시 진동하다 마침내 바닥으로 툭 떨어졌다. 가장 하고 싶지 않은 말이지만 할 수밖에 없는 말을 끝으로 아기의 삶이 저물었다. 부모에서 이제 유족이 된 가족의 반응을 알 수 없어 몸이 굳었다. 갑자기 엄마가 벌떡 일어났다. 누가 쫓아오는 듯 급박한 몸짓이었다. “이제 기저귀를 갈아야겠어요. 우리 애가 젖은 기저귀를 싫어하거든요.”내 몸이 움찔했다. 카메라 롤이 돌아가다 ‘탁’ 멈추는 그 순간처럼. 간호사의 눈빛이 눈에 보이게 흔들렸다. 아빠의 흐느낌도 영화 필름이 멈춘 듯 딱 그쳤다. 답답한 침묵 속, 엄마는 바쁜 손길로 아기 기저귀를 갈았다.“이제 집에 가야겠어요. 카시트 이리 주세요.”참다 못한 아빠가 엄마를 안으며 아기 어르듯 달랜다.“여보, 그럴 수 없다는 걸 알잖아요.”엄마는 마치 유괴범이 헨리를 데려가기라도 하는 듯 아빠를 거칠게 막아섰다. 그는 쓰러질 듯 뒤뚱대며 겨우 몸의 중심을 잡았다. “어머님, 헨리는 집에 갈 수 없어요. 원하는 만큼 여기서 헨리를 안고 계셔도 되지만, 헨리는… 헨리는 지하실로 가야 해요.”차마 시체안치실로 간다고 말할 수 없었다.“그래, 여보. 헨리는 곧 시체안치실로 가야 해. 거기 냉장고에 들어가야 해.” 헨리의 아빠는 매사 기계적이고 정확한 표현을 선호하는 사람이었다. 아빠의 단어 선택이 적나라해 조금씩 마음이 불편해졌다. 그렇다고 딱히 틀린 말도 아니라서 고칠 수도 없었다.“그렇지만 카시트가 있다고요. 카시트가 있으니까 이제 집에 갈 수 있어요.” 병원이 떠나가라 소리치는 엄마에게 어떤 위로도 들리지 않을 것이다. 달래거나 말릴 수 있는 경지를 넘어선 엄마의 절규만 비명이 되어 새어 나왔다.헨리는 꼬박 1년 가까이 신생아중환자실에서 갖가지 치료를 받았다. 부모도 언젠가는 헨리가 퇴원할 날을 꿈꾸며 갖은 고초를 견뎌냈다. 거듭된 폐 손상은 헨리를 지독하게 괴롭혔다. 오르락내리락하는 산소포화도 변화만큼 엄마는 웃고 또 자주 울었다. 그래도 엄마는 언젠가 헨리와 함께 집에 가리라는 희망을 놓지 않았다. 한동안 산소줄만 필요했으나 헨리의 폐가 버티지 못해 다시 인공호흡기를 달자, 엄마는 주저앉고 말았다. 최대치의 치료가 꽤 오랫동안 지속됐다. 뿌연 바다 위의 안개처럼 시간이 흐르고 풀어지기를 반복했다. 시계 초침이 째깍대며 몰고 온 그 시간만큼 헨리의 폐가 치유될 줄 알았는데 시퍼런 색을 띠고 죽은 듯이 잠만 잤다. 그리고 결국 깨지 않았다.병실 안에서 엄마와 아빠는 대치 중이었다. 아니, 총칼 없는 전쟁이 벌어지고 있었다. 헨리를 좀체 내려놓지 않는 엄마와 그런 엄마를 만류하는 아빠. 벽에 걸린 시계만 섧게 빛나고 있었다. 엄마를 위로할 수만 있다면 헨리를 곱게 단장해 카시트에 앉혀주고 싶었다. 카시트를 들고 웃으며 떠나는 그들을 나도 보고 싶었다. 하지만 어느 병원도 사망 선고가 방금 내려진 주검을 바로 내주지 않는다. 그들의 마음을 어루만질 수만 있다면, 내가 병원장이 되어서라도 보내주고 싶었다. 꼬박 반나절을 맞서 버티던 엄마와 아빠는 결론에 다다랐다. 헨리를 집에 데리고 가지 않기로. 보통 아기 주검은 작은 바구니침대에 옮겨져 간호사가 그것을 들고 안치실로 내려간다. 엄마는 계속되는 아빠의 간청에 헨리를 품에 안고 지하실로 향했다. 간호사가 아니라 엄마가 직접 안치실로 헨리를 들여보냈다. 안치실 문이 닫히자, 엄마의 울음이 지하실 복도에서 메아리쳤다. 눈 뜨고는 못 볼 광경, 뚫린 귀도 틀어막고 싶은 악몽으로 넘실댔다. 헨리와 함께라면 평생이라도 안치실에 있으려는 엄마가 어둠에 지워지고 있었다. 2018년 여름, 어미 범고래 J35는 태평양에서 새끼를 낳았다. 새끼는 아마도 태어난 지 몇 분이 되지 않아 죽었거나, 이미 죽은 채로 태어났으리라. 어미는 죽은 새끼를 17일 동안 밀어 나르면서 1600㎞ 이상을 이동했다. 지친 어미를 도와 범고래 무리가 번갈아 새끼를 미는 모습도 보였다. 가까운 친척들은 어미를 둘러싸며 함께 이동했다. 과학자들이 연구한 이래 가장 긴 사례라고 한다. J35는 자기를 추적하던 과학자에게 다가가 죽은 새끼를 보여주기도 했다. 애도의 여정을 알아달라는 듯이. 죽은 아기 범고래의 머리와 주둥이를 수면 위로 밀면서, 혹시라도 살아나리라 기대했을까. 아니면 죽은 새끼일지언정 버리고 갈 수 없는 어미의 마음이었을까. 강한 애착으로 차마 죽은 새끼를 놓아줄 수 없었을지도 모른다. 기나긴 여행 중, 어미와 새끼 사이에는 삶과 죽음의 경계가 모호해졌을지도 모르겠다. 어미의 사랑 앞에서는 삶도 죽음도 뒤섞여 시간조차 아무 의미가 없었으리라.내가 사랑하는 아이의 심장이 뛰지 않으면 어떠랴. 엄마에게는 아직 살아 숨 쉬는 아이인 것을. 내 사랑인 것을. 미국 시인 에밀리 디킨슨이 널리 알린 것처럼 세상엔 “사랑밖에 없다. 그것만으로도 차고 넘쳐서. 그 사랑의 무게만큼 자국이 짙게 남더라도.”(‘사랑이란 이 세상의 모든 것’) 그곳에는 오직 사랑만 있다. 세상에서 가장 위대한 그것, 엄마의 사랑.*신생아중환자실에서 손바닥만 한 초미숙아부터 만삭아까지 돌보는 스텔라 황 교수가 어린 생명의 삶과 죽음을 이야기합니다. 3주마다 연재.","7","141",NULL
"123","1536","KBS","양창희 기자","광양제철소 원료부두에 불…인명 피해 없어","2023-10-07 23:50:54","2023-10-08 00:51:16","[KBS 광주]오늘 낮 12시 10분쯤 광양시 금호동 광양제철소 원료부두의 원료 이송용 컨베이어 벨트에서 불이 났습니다.","4","142",NULL
"124","1537","KBS","양창희 기자","77억 들였지만 ‘재설계’ 지산IC…부적정 확인","2023-10-07 23:50:13","2023-10-08 00:51:09","[KBS 광주]77억 원을 들여 진출로를 만들었지만 사고 위험 때문에 개통하지 못하고 재설계 중인 광주 지산IC와 관련해, 공사 설계 전반이 부실하게 이뤄진 사실이 드러났습니다.광주시 감사위원회는 지산IC 도로 개설 사업 전반을 감사한 결과, 설계 용역 부적정·실시계획 승인 미이행 등의 지적 사항 6건을 확인하고 관련 공무원 8명에게 주의 또는 훈계 처분을 내렸습니다.감사위는 지산IC 공사 업체의 지장물 조사 부실로 진출로를 왼쪽으로 변경하게 됐고, 연결로 경사와 감속차로 길이가 관련 법 기준에 맞지 않게 설계됐는데도 광주시가 벌점 부과 등의 조치를 하지 않았다고 지적했습니다.","3","143",NULL
"49","1345","KBS","정창환 기자","공공형 외국인 계절 근로자 ‘호평’…정선군, 확대 추진","2023-10-13 23:18:15","2023-10-13 23:52:24","[KBS 강릉] [앵커] 정선군은 올해 공공형 외국인 계절 근로자를 강원도 처음으로 시범 운영했습니다. 외국인 계절 근로자들이 지역농협에 소속돼, 일손이 필요한 농가에 배치되는데, 안정적인 일거리 공급에다 수혜 농가가 급증했다는 호평을  받고 있습니다. 정창환 기자입니다. [리포트] 정선의 한 농촌에서 이른 아침부터 고추 수확이 한창입니다. 고추를 따는 이들은  지난 5월 말에 입국한  외국인 계절 근로자입니다. 6월부터 농사일을 시작해,  다섯 달 동안 일한 뒤  이달(10월) 말 귀국을 앞두고 있습니다.  [젠니 러/라오스 근로자  :  저는 라오스의 시앙코우앙 주에서 왔습니다.  한국에 와서 일에 대해서 문제가 없고, 다음에 또 오고 싶습니다.] 이들은 국내에서 처음 시행된  공공형 외국인 계절 근로자입니다. 특정 농가가 아닌 지역농협에 소속돼, 일손이 필요한 농가가 신청하면, 그때마다 찾아가 농사일을 도왔습니다. 외국인 근로자에게는  안정적인 일거리 제공이 가능했고, 농가는 필요할 때마다 바로바로 일손을 확보하고 인건비 부담까지 줄일 수 있었습니다.  [장순옥/정선군 여량면  :  (원래 일당이) 여자는 12만 원이고 남자는 안 오잖아요.  그러니까 남자는 따로 내가 불러야 되지, 15만 원~20만 원….  (지금은 3만 원 정도씩 일당이 줄어서) 그러니까 그게 다 도움이 되지.] 올해 정선군에 배정된 공공형 외국인 계절 근로자는 50명. 올해 6월부터 지금까지 100차례 넘게 일을 나가  1,800여 농가에서 일을 도왔습니다. 정선군과 해당 농협은  내년에는 공공형 인력과 근로 기간을  더욱 확대하기로 하고,  내년도 사업을 정부에 신청했습니다.  [주재경/정선여량농협 조합장  :  내년에는 인원을 조금 더 충원해서, 정말 필요로 하는 농가들한테, 인력을 최대한 농가들한테 도움이 되도록 계획을 잡고….] 올해 공공형 시범사업에 참여한 지역농협은 전국에 19곳. 정부는 내년 참여 농협을 70곳으로 늘려,  필요한 곳에 적시에 외국인 계절 근로자를 지원한다는 사업 효과를 확대하기로 했습니다. KBS 뉴스 정창환입니다. 촬영기자:최진호","3","87",NULL
"50","1346","KBS","박중관 기자","울산 9월 취업자 소폭 증가…고용률 60%대 회복","2023-10-13 23:16:14","2023-10-13 23:52:08","[KBS 울산]동남지방통계청에 따르면 지난달 울산지역의 취업자는 57만 4천 명으로 1년전에 비해 0.2%인 천 명이 늘었습니다.고용률은 60%로 지난해 9월에 비해 0.1%포인트 높아지며 한 달 만에 다시 60%대를 회복했습니다.지난달 울산지역 실업자는 만 8천 명으로 1년전에 비해 20%인 3천 명이 늘었고 실업률은 3%로 지난해에 비해 0.4%포인트 상승했습니다.","3","88",NULL
"52","1348","연합뉴스","김동현 기자","美, 삼성·SK 中공장 반도체장비 반입 허용…일부는 계속 '통제'(종합)","2023-10-13 23:12:33","2023-10-13 23:13:07","(워싱턴=연합뉴스) 김동현 특파원 = 미국 정부가 삼성전자와 SK하이닉스의 중국 현지 공장에 대한 미국산 반도체 장비 반입 규제 유예 방침을 최근 한국 정부에 통보한 데 이어 관보에도 관련 규정을 게재해 공식화했다.    미국 상무부 산업안보국(BIS)은 13일(현지시간) 관보에 삼성전자와 SK하이닉스의 중국 공장에 대한 '검증된 최종 사용자'(VEU) 규정을 개정한다고 고지했다.    VEU는 미국 정부가 사전에 승인된 기업에만 지정된 품목에 대해 수출을 허용하는 일종의 포괄적 허가 방식으로 이날 공개된 규정은 미국 기업이 삼성전자와 SK하이닉스의 중국 공장에 수출할 수 있는 반도체장비 목록을 업데이트했다.      규정에는 삼성전자의 중국 시안 낸드 공장과 SK하이닉스의 중국 우시 D램 공장은 작년 10월 7일 발표한 반도체장비 수출통제 규정에서 예외라고 명시됐다.     다만 첨단 반도체 양산에 필요한 극자외선(EUV) 노광장비 등 일부 품목은 여전히 반입을 통제했다.     앞서 미국 정부는 중국의 반도체 산업 발전을 견제하기 위해 작년 10월 7일 미국 기업이 중국에 일정 기술 수준 이상의 반도체를 생산하는 데 필요한 반도체장비를 수출하는 것을 사실상 금지하는 수출통제를 발표했다.    구체적으로 ▲ 핀펫(FinFET) 기술 등을 사용한 로직칩(16nm 내지 14nm 이하) ▲ 18nm 이하 D램 ▲ 128단 이상 낸드플래시를 생산할 수 있는 장비·기술을 중국 기업에 판매할 경우 허가를 받도록 했다.    이어 상무부는 같은 달 11일에 삼성전자와 SK하이닉스 등 다국적 반도체 기업에 1년간 수출 통제를 한시적으로 유예한다고 통보했으며 이후 한국 정부는 기업들이 더 안정적으로 사업할 수 있도록 VEU 규정을 개정해 유예를 제도화하는 방안을 미국 정부와 협의해왔다.     bluekey@yna.co.kr","9","90",NULL
"130","1543","KBS","손원혁 기자","‘찾아가는 산부인과’ 호응…이용자 98% “만족”","2023-10-07 23:40:01","2023-10-08 00:46:10","[KBS 창원]인구보건복지협회 경남지회가 '찾아가는 산부인과' 이용자 100명을 조사한 결과, 98%가 검진 프로그램에 만족한다고 답했습니다.또, 병·의원을 이용하지 못한 이유에 대해 '병원이 너무 멀어서'라는 응답이 28%로 나타났습니다.2008년 경상남도가 첫 도입한 찾아가는 산부인과는 의사와 간호사 등 6명이 의령과 산청, 함양 등에서 무료 검진 서비스를 제공하고 있습니다.","5","148",NULL
"55","1351","TV조선","박상현 기자","'1조원' 루마니아 원전 수주 눈앞…K-원전 복원 본격화","2023-10-13 22:42:30","2023-10-13 23:01:16","[앵커]대한민국 원전이  해외 수주전에서  선전을  거듭하고 있습니다.  지난해  이집트  원전 수주에 이어 이번엔 루마니아 원전  설비 계약에 한걸음  다가갔습니다. 원전 수출의  영역을 리모델링으로 한 층 더  넓힌 것이기도  한데요. 국내에서도  원전 생태계  복원이 본격화 되고  있습니다. 보도에  박상현 기자입니다. [리포트]우리나라와 캐나다,  이탈리아 원전 관계자들이 협약 문서에  서명합니다. 루마니아 원전  '리모델링'사업을 3개국이  공동 추진하기로  한겁니다. 총 2조 5천억원 규모로 우리나라는 수주에 성공할 경우 1조원이 넘는 원전설비를  수출하게 됩니다. 황주호 / 한국수력원자력 사장 체르나보다 원전 삼중수소제거설비 건설 사업과 대형 기자재 공급 사업을 수주하는 등 발주사인 루마니아 원자력공사와 오랫동안 깊은 신뢰 관계를 유지하고 있습니다. 지난해  3조 3천억원 규모의 이집트 엘다바 원전  수주에 이어 루마니아  삼중수소제거설비 계약까지 이번 정부 들어 벌써 3조 5천억원이 넘는 원전 수출에 성공했습니다. 국내 원전  생태계 복원에도 속도가 붙고 있습니다. 지난 정부  탈원전 정책으로 신규 원전을 반대했던 주민들이 이제는 원전 유치에 나선 겁니다. 원전의  안전성이 검증됐고, 원전 건설로 인한  경제적 혜택이  크기 때문입니다. 임영환 / 울주군 서생면 주민 대표 울주군 어민 연합회는 새울원전 5,6호기 자율유치에 대해 동의 의사를 표시합니다. 원전 수출 활성화와 함께 K-원전 생태계가 본격적으로 복원되면서  원전 강국으로 재도약하고 있습니다. TV조선 박상현입니다.","4","94",NULL
"97","1393","KBS","김계애 기자","울산 중구 다운동 일원 그린벨트 해제 본격화","2023-10-10 23:14:03","2023-10-11 00:12:09","[KBS 울산]울산 중구 다운동 일원 개발제한구역 해제가 본격 추진됩니다.울산시는 탄소중립특화연구집적단지를 조성하는 도심융합특구사업을 위해 다운동 그린벨트를 해제하기로 하고 오는 20일까지 주민의견 청취 공람공고를 실시한다고 밝혔습니다.탄소중립특화연구직접단지 조성사업은 지난해 12월 국토교통부 도심융합특구 선도사업으로 지정돼 528억 원을 투입, 18만 9천여 제곱미터에 탄소중립특화 연구단지가 조성됩니다.","10","95",NULL
"131","1544","연합뉴스","김영은 기자","[그래픽] 2022 항저우 아시안게임 국가별 메달 현황 (7일)","2023-10-07 23:39:36","2023-10-07 23:40:21","(서울=연합뉴스) 김영은 기자 = 7일 2022 항저우 아시안게임에서 우리나라는 금메달 42개, 은메달 59개, 동메달 89개로 종합 순위 3위를 달리고 있다.    0eun@yna.co.kr    트위터 @yonhap_graphics  페이스북 tuney.kr/LeYN1","7","149",NULL
"56","1352","TV조선","장윤정 기자","월평균 통신요금 6만 6000원…비싸고 부당 가입유도 싫어","2023-10-13 22:39:34","2023-10-13 23:01:01","[앵커]지금 사용하고  있는 통신사에 만족하고  계실까요? 이동통신  3사에 대한 소비자 만족도를 조사해보니, 통화 품질에 대한 만족도는  높은 반면 요금에 대한  만족도는 낮았습니다. 장윤정 기자입니다. [리포트]우리나라  휴대폰 이용자들은 대부분 통화 품질에는  만족하지만, 이용 요금은 비싸다고 생각하는 것으로 조사됐습니다. 휴대폰 이용자가 한 달 평균 지출하는 통신 요금은 6만 5천 867원. 단말기 할부금과 콘텐츠, 부가서비스 이용료를 모두 포함한 금액입니다.금액 구간별로는  4만∼6만 원이  27.2%로 가장 많았고,  10만 원 이상 지출하는 소비자도 17.1%정도 됐습니다,정다정 / 서울 금천구 5G 요금제라서 9만원정도 나오고 있어요. LTE랑 유사하게 사용하는 요금량 자체도 많이 있기 때문에 한 5만원 정도면 적당하지 않을까…. 이동통신 서비스를  이용하는 과정에서  불만이 생기거나 피해를 봤다는  응답도 적지 않았는데, 부가서비스 등  부당가입 유도에 대한 불만이  37.5%로 가장 많았고, 가입 시 주요 내용에 대한  설명이 미흡하고,  해지시 위약금이  너무 많다는 지적이  뒤를 이었습니다.하유미 / 경기 안양시 (부가서비스를) 6개월 정도 쓰라고 했고, (가입만 하고) 안썼어요.  거의 1만 5천원 가까이 낸 거 같아요. 추가로. 필요없는 거여 가지고…. 사업자별로는 SKT가 종합만족도 3.51점으로 1위, KT가 3.28점으로 가장 낮았습니다. KT는 전송 속도와 접속 지연 등을 평가하는 데이터 품질 부분과 이용요금 부분 등에서 소비자 불만이 많았습니다.   TV조선 장윤정입니다.","4","96",NULL
"134","1547","kbc광주방송","임경섭 기자","'예배 중' 목포 교회서 화재..1명 화상·40여명 대피","2023-10-08 23:54:01","2023-10-08 23:54:01","예배 중이던 교회에서 화재가 발생해 1명이 다치고 40여명이 대피했습니다.8일 낮 1시 35분쯤 전남 목포시 산정동의 한 교회 1층에서 불이 났다는 신고가 119상황실에 접수됐습니다.신고를 받고 출동한 소방당국은 화재발생 25분 만인 낮 2시쯤 진화를 마쳤습니다.당시 교회 1층 식당에 있던 40대 남성이 1도 화상을 입고 병원으로 옮겨졌고, 40여명이 긴급 대피했습니다.이 불로 건물 내부 1층 197㎡가 모두 탔고 2층 200여㎡는 대부분 소실됐습니다.이외에 교회 1층에 주차된 차량 9대 중 3대가 전소됐고, 6대는 그을음 피해를 입는 등 소방서 추산 3억 1천만 원의 재산피해가 났습니다.경찰과 소방당국은 1층 주방에서 불이 시작된 것으로 보고 정확한 경위를 조사하고 있습니다.#사건사고 #화재 #교회 #목포","4","152","7"
"137","1550","미디어오늘","정철운 기자","한동훈 장관 조각 같다 기사가 씁쓸한 이유  ","2023-10-08 23:41:00","2023-10-08 23:41:00","이성윤 법무연수원 연구위원은 9월6일 조국 전 법무부장관 출판기념회에 참석해 윤석열 대통령을 공개적으로 비판했다. 법무부는 이 위원에게 검사윤리강령 위반 소지 등 문제가 있다며 감찰 개시를 결정했다. 이 연구위원은 지난 4일 자신의 페이스북을 통해 법무부가 문제 삼는 자신의 발언이 무도한 검찰 정권, 전두환의 하나회에 비견되는 윤석열 사단의 무도한 수사방식이라고 밝혔다. 이성윤 위원은 장제원 의원은 2017년 12월 페이스북에 '무도하고 포악한 검찰', '윤석열 중앙지검장은 피의 보복을 멈추라'고 일갈한 바 있고 윤석열 사단을 검찰 내 하나회로 비유한 기사와 칼럼 또한 수없이 많다며 이 정도 의견표명도 제약된다면, 표현의 자유를 보장하는 헌법과 민주주의 근간이 흔들릴 것이라고 주장했다. 그러면서 제 입을 틀어막는다고 해서 치부가 가려질까라고 되물었다. 또 옛 상사의 북콘서트에서 덕담을 한 것이 공정성을 의심받을 우려가 있는 자와 교류한 것이고, 검사윤리강령 위반이라는데 그저 황당할 따름이라고 했다. 그는 윤석열 전 총장이 서울중앙지검장 시절, 임기 내내 조선일보와 방상훈 일가는 수사 대상이었는데 이들이 회동했다는 언론 보도가 있다. 또 다른 사건 관계자인 중앙일보 사주 홍석현과 술자리 유흥을 가진 것도 이미 확인된 사실이라며 이런 것이 전형적인 검사윤리강령 위반이라고도 주장했다. 유튜브 채널 <김어준의 겸손은 힘들다 뉴스공장> 진행자 김어준씨는 지난 4일 방송에서 뉴스버스의 <한동훈 '엑스포 유치' 출장 몰타, 사우디 지지선언> 기사를 인용하며 한동훈 장관이 만난 상대가 외무부 장관이다. 엑스포 유치를 위해 정부 차원의 노력 할 수 있다. 그런데 법무부 장관이 왜 거길 가나. 부산에서 가던가 외무부에서 가던가라고 말하며 검찰 공화국을 보여주는 상징적 뉴스라고 주장했다. 그러자 법무부는 5일 설명자료를 내고 부산 엑스포 유치는 국익을 최우선으로 정부 모든 부처가 역량을 집결해 추진하고 있으며, 법무부장관 뿐만 아니라 다수 부처 국무위원들이 임무를 부여받아 세계 각국을 상대로 유치지원 활동을 하고 있다며 마치 법무부 장관만이 부산 엑스포 유치 활동을 하는 것처럼 발언한 것은 명백한 허위라고 밝혔다. 이어 유치 활동을 폄훼하고 국익을 심각하게 저해하는 허위 주장에 대해 필요한 조치를 취할 것이라 경고했다. 김씨 주장의 취지는 검찰 출신들이 정부의 각종 요직을 차지하고 있고, 그 결과 엑스포 유치까지 검찰 출신이 나서고 있다는 일종의 의견표명이었는데 이를 법무부가 허위 주장으로 규정하며 법적 조치를 예고한 것이다. 앞서 이춘재 한겨레 기자는 자신의 책 <검찰국가의 탄생>에서 검찰개혁의 실패는 '검찰 국가'라는 후폭풍을 몰고 왔다며 검사에게 정의란 형사처벌이라고 지적했는데, 법무부는 표현의 자유는 아랑곳하지 않고 '검찰 국가'의 전형을 보여주려는 것 같다. 이런 가운데 서울신문은 8일 <예술의 전당 깜짝 방문 한동훈 장관 대박> 기사에서 한 장관은 연예인 못지않은 뜨거운 인기를 자랑했다, 한 장관은 시민들의 쇄도하는 사진 요청 멘트를 어느 하나 놓치지 않고 응대하며 함께 사진을 찍었다, 어떤 시민은 '조각 같다'며 감탄하기도 했다고 보도했다. 기사의 원래 제목은 <예술의 전당 깜짝 방문 한동훈 장관 조각 같다>였다. 일련의 법무부 대응이 빚어낸, '검찰 국가'의 결과물인 것 같아 씁쓸하다.","7","155",NULL
"139","1552","세계일보","김현주 기자","한동훈, 예술의전당서 사복 차림 ‘깜짝 목격’","2023-10-08 23:32:01","2023-10-08 23:32:01","한동훈 법무부 장관이 한글날 연휴 중 예술의전당을 방문한 것이 화제가 되고 있다.     8일 한 인터넷 커뮤니티에는 '한동훈 장관님, 예술의 전당에서'라는 제목으로 전날(7일) 서울 서초구 예술의전당에서 사복 차림의 한 장관을 봤다는 목격담이 올라왔다.     그는 예술의전당 콘서트홀에서 열린 런던 필하모닉 오케스트라 공연을 관람한 것으로 알려졌다.     베이지색 코트 차림의 한 장관이 공연 팜플렛을 든 채 사진 촬영을 요청하는 시민들과 셀프카메라를 찍는 장면도 함께 올라왔다.     한 장관은 지난 6월에도 사복 차림으로 예술의전당을 찾아 회자된 바 있다.","7","157",NULL
"59","1355","TV조선","김예나 기자","'전세 보증금 제때 받을 수 있나'…최대 49만 가구 '위험'","2023-10-13 22:27:24","2023-10-13 22:46:22","[앵커]이렇게 대형 전세사기가 발생하면서, 세입자 불안이 다시 확산하고  있습니다. 보증금을  돌려받지 못하는 거 아닌가, 불안이  커지는 건데요. 실제 이런 위험에  놓인 가구가 최대 49만에 달한다는 분석이  나왔습니다. 주택도시보증공사, HUG는 올해 안에 악성 임대인  명단을 공개할 방침입니다. 김예나 기자가 보도합니다. [리포트]끝없이 이어지는 전세사기 소식에 세입자들의 혼란은 수그러들 틈이 없습니다.우성호 / 서울 노고산동인천이나 수원이나, 저는 운 좋게 그런 데는 아니지만 빌라인데… 많이 알아본 것 같아요. 실제 거래가나 이런 거 불안해서 저도. '내 방 마련'을 앞둔 사회 초년생들도 전세라면 걱정부터 앞섭니다. 심주연 / 서울 대현동 피해가 거의 100억(원) 넘는다고 들었던 것 같아서, 그 때문에 아마 전세는 피할 것 같아요.국토연구원은 전세 보증금을 제때 받지 못하는 '위험 가구'가 많게는 49만 2천 가구에 달할 것이라고 밝혔습니다. 보증금을 아예 돌려받지 못하는 경우도 최대 4만 가구를 웃돌 거란 분석입니다.전셋값이 떨어지면 대출을 끌어모아도 보증금을 갚을 여력이 없는 집주인이 많게는 10명 중 3명꼴인 걸로 나타났기 때문입니다.윤성진 / 국토연구원 부연구위원 임차인 불안 완화를 위해서는 과도하게 위험이 높은 매물이 적절한 제도적 보호 없이 시장에 나오는 걸 좀 관리할 필요가 있다. 유일한 안전장치인 보증보험에 가입한 세입자가 100가구 중 8가구에 불과한 데다, 1258억원에 달하는 HUG의 적자도 우려됩니다. 추가 보호장치가 필요하단 지적이 나오는 가운데, HUG는 연말에 악성 임대인 명단을 공개해 상습사기범의 매물을 거를 수 있게 하겠다고 밝혔습니다. TV조선 김예나입니다.","10","98",NULL
"64","1360","뉴시스","류인선 기자","'범정' 부활…한동훈 범죄 아닌 정보 수집시 확실히 시정","2023-10-11 23:55:08","2023-10-11 23:59:05","[서울=뉴시스] 류인선 기자 = 한동훈 법무부 장관이 대검찰청 범죄정보담당관(범정)이 부활한 것에 대해 범죄가 아닌 정보를 수집하면 확실히 시정하겠다고 말했다.한 장관은 11일 국회 법제사법위원회 국정감사에 출석해 김영배 더불어민주당 의원의 '범정 부활로 검찰 공화국이라는 말이 나온다'는 질의에 대해 범죄 정보는 당연히 수집해야 하는 것이다. 범죄와 관계 없는 정보는 수집하면 안 된다. 지금은 그렇지 않을 것이라며 이같이 말했다.김 의원은 '21대 총선을 앞두고 대검 수사정보정책관실(현 범정)이 공천 현황 등 총선 관련 정보를 수집했다는 증언이 손준성 대구고검 차장검사의 고발 사주 의혹 재판에서 나왔다'는 취지의 보도를 인용하며 국민적 합의를 거스르는 것이라고 했다.한 장관은 파악해보겠다며 범죄정보를 수집하지 말자는 국민적 합의는 없다고 말했다. 또 김 의원이 말하는 시기는 이전 정부의 수정관 아닌가. 그때 그랬다면 (범정으로) 바꾸고 문제가 있으면 시정하면 되고, 범정으로 바꿨다고 해서 (문제가 되는 것은 아니다)고 했다.김 의원은 손 차장검사가 수정관으로 재직할 당시라며 한 장관이 모른 척을 한다는 취지로 말했고, 한 장관은 자료를 제시하면 확인하겠다고 했다.앞서 문무일 전 검찰총장 당시 범죄정보기획관실이 수사정보정책관실로 바뀌었고, 이후 수사정보담당관실로 재차 명칭이 변경됐다. 지난 5월 대검 조직개편을 통해 범죄정보기획관으로 개편됐다．","7","100",NULL
"143","1556","MBC","구나연 기자","경남 진주 서부시장 중식당서 불..다친 사람 없어","2023-10-08 23:17:56","2023-10-08 23:21:01","오늘 저녁 8시쯤 경남 진주시 봉곡동 서부시장에 있는 한 중식당에서 불이 났습니다.  소방당국은 장비 12대, 대원 44명을 투입해 30분 만에 불을 완전히 껐습니다. 당시 식당이 비어 있어 다친 사람은 없었습니다.  경찰과 소방당국은 주방에서 불이 시작된 것으로 보고 정확한 화재 원인과 재산 피해 규모를 조사할 예정입니다.","4","158","7"
"140","1553","SBS","이태권 기자","경남 진주 서부시장 식당에서 불…40분 만 진화","2023-10-08 23:24:33","2023-10-08 23:46:03","오늘(8일) 오후 8시 15분쯤 경남 진주시 봉곡동의 서부시장 내 한 식당에서 불이 났다는 119신고가 접수됐습니다.배달을 다녀오니 불이 났다는 식당 업주의 신고를 받고 출동한 소방당국은 장비 24대와 인원 55명을 투입해 신고 접수 40여 분 만에 불을 완전히 껐습니다.다행히 화재로 인한 인명피해는 없었습니다.소방당국은 주방 쪽에서 불이 시작된 걸로 보고 정확한 화재 발생 경위를 조사할 예정입니다.(사진=진주소방서 제공)","4","158","7"
"142","1555","매일경제","김정범 기자, 박민기 기자","“BTS는 안 되고 e스포츠 선수는 된다?”…금메달 병역면제 또 논란","2023-10-08 23:22:01","2023-10-08 23:22:01","태극전사들이 연일 전해오는 금빛 소식에 환호했던 항저우 아시안게임이 마무리되면서 이제 ‘논공행상’에 관심이 모아진다. 선전에도 불구하고 금메달리스트에 주어지는 ‘병역혜택’을 바라보는 국민들의 시선이 아주 흔쾌하지만은 않다. 기여에 대한 보상은 당연하다는 쪽과 개도국시절 도입된 병역면제 인센티브를 언제까지 유지해야 하느냐는 회의론이 맞선다.8일 체육계에 따르면 항저우 아시안게임에서 우승한 축구과 야구 대표팀 대부분 선수들이 병역특례 혜택을 받게 됐다. 축구대표팀의 경우 22명 중 군 면제와 병역 이행 완료 등 2명을 제외한 20명, 야구 대표팀은 19명이 병역특례 대상자에 이름을 올렸다.뿐만 아니라 이번 아시안게임에서 정식 종목으로 채택된 e스포츠에서는 리그 오브 레전드(LoL) 종목 한국 대표팀 역시 우승컵을 거머쥐면서 유명 프로게이머 이상혁(페이커) 선수 등 6명 모두 병역특례 혜택을 받게 됐다.이들이 병역특례를 받게 된 것은 국위선양에 기여했다는 공로를 인정했기 때문이다. 문제는 국위선양이라는 잣대가 모호하다는 점이다.1973년 도입된 병역특례제도는 세계무대에서 존재감이 없었던 한국을 스포츠를 통해 알리기 위해서 마련됐다. 예술인과 체육인이 경력 단절 없이 활동을 이어가는 것이 필요하다는 공감대도 이뤄졌다. 이에 따라 특정 자격을 갖출 경우 기초군사훈련만 받고 사회로 복귀해 34개월 동안 각자의 분야에서 일하면서 사회공헌활동 544시간을 이수하면 병역의무를 마친 것으로 간주하고 있다.병무청과 병역의무의 특례규제에 관한 법률에 따르면 체육 분야에서는 △올림픽대회 3위 이내 △아시아경기대회 1위 등에 입상한 선수들이 병역특례 혜택을 받는다. 예술 분야에서는 △국제예술경연대회 2위 이내 △국내예술경연대회 1위 △중요 국가무형문화재 전수교육 이수자에게 혜택이 주어진다.글로벌 무대에서 국가 위상을 드높인 만큼 병역특례가 주어져야 한다는 입장과 군 면제는 과도한 혜택이라는 입장이 팽팽히 맞서는 양상이다.이정학 경희대 체육대학원 교수는 “체육인 입장에서는 병역 특례가 좋은 성적으로 국위선양 한 데 따른 혜택이자 보답이라고 생각할 수 있다”면서도 “그러나 제도 도입 이후 시간이 많이 지난 만큼 이제 선수들이 병역 특례를 주지 않아도 개인의 성장과 기량 발전을 위해 열심히 뛰는 시대가 왔다”고 말했다.직장인 신 모씨(35)는 “경기에서 좋은 성적을 냈다고 병역특례까지 주는 건 군대를 가야 하는 다른 남성들에게 박탈감을 안겨줄 수 있다”고 말했다. 직장인 한 모씨(33) 역시 “정부에서 국방의 의무는 신성하다고 하는데 항상 보면 군대는 어려운 형편이나 건강이 안 좋은 사람들이 더 많이 가는 것 같다”고 전했다.특히 형평성 논란은 끊이지 않고 있다. 세계무대에서 활약하는 영화·음악계 등에서 종사하는 예술인에게도 병역특례를 부여할 수 있는 법적 기준이 필요하다는 주장이 대표적이다. 국제사회에서 활약하며 한국을 알리는데 결정적으로 기여한 이들에 대해서는 군 입대로 인한 활동의 제약을 최소화해 줄 필요가 있다는 사회적 요구가 커지고 있는 탓이다. 방탄소년단(BTS)이 대표적인 사례다. 문화체육관광부 산하 연구기관인 한국관광문화원이 지난해 공개한 보고서에 따르면 방탄소년단이 콘서트 1회를 개최하였을 경우 경제적 파급효과가 최소 6197억원에서 최대 1조 2207억원에 이를 것으로 추산했다. 일각에서는 “성악, 판소리는 그대로 두고 대중가수는 외면하는 이유는 무엇이냐”고 비판 목소리도 나온다.병역특례를 둘러싼 논란이 커지자 그 대상은 점차 줄고 있는 양상이다. 가령 예술분야의 경우 2008년만 해도 148개 대회에 대해서 병역특례를 인정해줬지만, 올해는 병역특례를 인정해주는 대회가 36개로 크게 쪼그라든 상황이다.국회에 따르면 성일종 국민의힘 의원 등이 발의한 대중문화예술인이 병역특례를 받을 수 있도록 하는 내용의 병역법 개정안은 국회에 계류돼 있다. 이들 법안들이 여전히 국회 문턱을 넘지 못하고 있는 것은 그만큼 사안을 둘러싼 쟁점이 첨예하게 대립하고 있기 때문이다.이에 따라 주무부처인 국방부는 설문조사를 통해 2019년 예술체육요원 등 대체복무제도 설문조사 결과 보고서를 내놨지만 구체적 결론에는 도달하지는 못한 상태다. 국방부가 19세 이상 성인남녀 2000명을 대상으로 조사한 보고서에 따르면 체육 특기자에게 병역특례를 주는 것에 대해 적절하다(55.6%)는 응답과 부적절하다(44.5%)는 응답이 팽팽하게 맞섰다. 적절하다고 답변한 이들 중에서는 국위선양에 기여한 공로를 인정해야 한다는 답이 가장 많았고, 부적절하다고 답변한 이들은 형평성에 어긋난다는 것을 반대 이유로 가장 많이 들었다.","7","160","7"
"61","1357","뉴스1","윤다정 기자","진교훈 상식·원칙의 승리…즉각 구정 정상화시킬 것","2023-10-11 23:58:16","2023-10-11 23:59:04","(서울=뉴스1) 윤다정 기자 = 진교훈 더불어민주당 서울 강서구청장 보궐선거 후보는 11일 당선이 확정되는 즉시 구정 공백을 메우기 위해 일분 일초라도 아껴가며 강서구정을 정상화시키겠다고 말했다.진 후보는 이날 치러진 강서구청장 보궐선거에서 당선이 확실시되자 강서구 선거사무소에서 이번 선거가 상식의 승리, 원칙의 승리, 강서구민의 위대한 승리라고 생각한다며 이같이 말했다.중앙선거관리위원회에 따르면 개표율 71.57%를 기록 중인 오후 11시50분 현재 강서구청장 보궐선거에서 진교훈 민주당 후보가 10만3129표(59.40%)를 득표했다.진 후보가 김태우 국민의힘 후보(6만3610표, 36.64%)를 22.76%포인트(p) 차이로 크게 앞서면서 강서구청장 당선이 확실시된다.진 후보는 새로운 강서의 미래와 발전을 위해 저를 선택해 주신 데 대해 진심으로 감사한다며 무거운 책임감을 느끼고 있다고 말했다.이어 낮은 자세로 구민들을 섬기는 구청장이 되겠다. 구민의 목소리에 늘 귀 기울이고 구민의 눈높이에서 일하는 진짜 일꾼이 되겠다며 강서의 미래와 발전을 위해 부족하지만 헌신적으로 노력하겠다. 사심, 반칙 없이 일하겠다. 여러분을 섬기겠다고 덧붙였다.","3","101",NULL
"62","1358","연합뉴스","김다혜 기자","한동훈, 인사 검증 비판에 기계적 자료 수집…판단 안해(종합2보)","2023-10-11 23:57:37","2023-10-12 00:01:21","(서울=연합뉴스) 김다혜 기자 = 한동훈 법무부 장관은 최근 고위 공직 후보자의 인사 청문 과정에서 재산 신고 누락, 과거 발언 등 논란이 빚어진 것과 관련해 (법무부 인사정보관리단은) 가부 판단을 하지 않고 자료를 수집하는 역할만 한다고 말했다.    한 장관은 11일 국회 법제사법위원회의 법무부 국정감사에서 더불어민주당 송기헌 의원이 인사 검증단이 일차적으로 (문제가 된 자료를) 수집해 판단해야 하는 것 아니냐고 지적하자 이같이 답했다.    이날 국감에서 야당 의원들은 인사정보관리단이 아니라 인사참사관리단(민주당 김영배 의원)이라며 이균용 전 대법원장 후보자, 김행 여성가족부 장관 후보자, 신원식 국방부 장관 등에 대한 인사 검증이 제대로 이뤄졌는지 집중적으로 따져 물었다.    한 장관은 인사정보관리단의 역할에 대해 프로토콜(정해진 절차)에 따라 기계적으로 자료를 수집하고 의견 없이 대통령실 공직기강비서관실에 넘긴다며 추천이나 비토 기능까지 행사하면 권한 남용 문제가 생긴다고 말했다.    6일 낙마한 이균용 전 후보자에 대해서도 법무부 인사정보관리단이 자료를 수집하고 대통령실 공직기강비서관실에서 판단하는 구조로 진행됐다며 대법원장은 사법부 제청을 거치지 않고 대통령이 직접 지명하기 때문에 과거에도 정부 측에서 검증을 해왔다고 설명했다.    그는 이 전 후보자 임명안이 부결된 데 대한 입장을 묻는 말에는 입맛에 맞는 사법부를 구성하기 위한 당리당략적 결정이었다고 생각한다고 말했다.    민주당 의원들은 한 장관이 법무부 인사정보관리단 출범 당시 '투명성 제고'를 강조한 것과 달리 인사 검증 방식을 공개하지 않는다는 점도 문제 삼았다.    한 장관은 비상장 주식 미신고 사실 등을 인사 검증 과정에서 사전에 확인했는지에 관한 의원들의 질의에 특정한 검증 대상에 대해 검증에 관여한 사람이 말씀드리는 것은 적절하지 않다, 객관적인 자료 수집 업무를 통상적으로 했다고만 답했다.    박용진 민주당 의원은 기계적으로 정보를 수집하고 정리해서 대통령실에 넘기는 수준이면 인사정보관리단이 아니라 인사자료수집단 수준이라며 구체적인 인사 검증에 대해서는 말씀드릴 수 없다고 반복하는데 검증단을 설치하려 했을 때 설명한 것과 장관의 태도가 안 맞는다고 비판했다.    김영배 의원은 (인사 검증 대상자의 답변 내용에 대해) 기본 확인도 안 하느냐. 본인이 아니라고 하면 아닌 것이냐고 따져 물었다.    이에 대해 한 장관이 그러면 압수수색을 하느냐, 국세청에 그런 자료를 요구할 만한 권한이 인사 검증 과정에 있다면 그것은 사찰의 영역까지 가는 것이라고 맞서며 설전을 벌이기도 했다.    한 장관은 공직 후보자에게서 비슷한 유형의 문제점이 반복적으로 나타난다는 지적에는 사실 우리나라에서 성공한 사람들을 주요 보직에 쓸 때는 대개 비슷한 문제가 나오게 돼 있다. 과거에도 그랬다고 말했다.    그는 (국가수사본부장 후보자였던) 정순신 씨 학폭 사건 같은 경우 분명히 놓쳤는데 그런 부분이 아니라면 (놓치는 일이) 잘 발생하지 않는다며 저희가 맡고 있는 범위에 대해 설명했고 그럼에도 불구하고 비판이 있다면 달게 받아야 할 부분이라고 말했다.    한 장관은 또 대통령실을 중심으로 (공직 후보자) 질문을 보강하고 홈페이지에 새로 게시한 것으로 안다며 비슷한 방식의 개선으로 나아질 점이 있는지 찾아보겠다고 밝혔다.    moment@yna.co.kr","6","102",NULL
"145","1558","KBS","서재희 기자","[9층시사국] 월화수목토토일, 주 4일제가 온다? 外","2023-10-08 23:10:37","2023-10-08 23:18:01","주 4일제! 많은 직장인을 설레게 하는 꿈같은 이야기다. 그런데 이 꿈을 현실 세계로 옮겨보려는 시도가 최근 늘어나고 있다. 유능한 인재를 끌어오기 위해, 생산성을 높이기 위해, 필수적인 사회 서비스를 유지하기 위해. 다양한 이유로 주 4일제를 실험하거나 채택하는 사업장이 국내외에서 생겨나는 중이다. 주 4일제는 우리의 새로운 일상이 될 수 있을까? 취재기자: 김채린촬영: 조선기 강우용영상편집: 이기승자료조사: 김보현주호민 사건 이후 학교에서 자폐 아동을 무조건 분리해야 한다는 목소리가 커지고 있다. 드라마 ‘이상한 변호사 우영우’의 인기 이후 고작 1년여 만의 일이다. 특수교육 시스템이나 사회의 역할에 대한 논의는 축소되고 혐오만 확대, 재생산 되는 상황이다. 이는 당사자인 부모와 교사외 에도 장애 인식 개선에 나서는 많은 이들에게 허탈감을 안겼다. 지금 우리 사회에 필요한 것은 무엇인지 이들에게 물어봤다.취재기자 : 조혜진촬영 : 강우용영상편집: 강정희CG : 정예나리서처: 신용하AD: 정현주 유화영","7","163",NULL
"147","1560","KBS","조혜진 기자","[9층시사국] 우영우, 별이, 그리고 우리들","2023-10-08 23:10:19","2023-10-08 23:11:01","지난해 신드롬을 일으킨 드라마 〈이상한 변호사 우영우〉는 주인공이 자폐였기에 사회적 관심도 높았습니다. 하지만 불과 1년 새 분위기는 완전히 달라졌습니다. 자폐가 있는 주 씨의 아들을 분리해 지도하는 과정에서 벌어진 일이었습니다. 자폐 아동은 도전 행동, 다른 말로 문제 행동을 하기에 분리해야 한다는 목소리가 커졌습니다. 그러자 정부는 특수교육 현장에 대한 지침을 마련하겠다고 합니다. 하지만 정작 현장에서는 우려의 목소리가 나옵니다. 초등학교 2학년, 자폐 스펙트럼 진단을 받은 시안이. 시안이는 어엿한 2년차 태권도 수련생입니다. 또래 친구들과 함께 훈련을 하다가 가끔씩 몸을 흔드는 상동 행동을 보이지만, 한 시간 가까이 이어지는수업을 곧잘 따라갑니다. 태권도 수업을 마치고 아빠와 또다시 길을 나섭니다. 시안이가 향한 곳은 집 근처의 요리학원입니다. 2년 넘게 요리 학원을 다닌 시안이. 그런 시안이에게 선생님은 약간의 도움만 줄 뿐입니다.시안이의 하루는 순식간에 지나갑니다. 하지만 처음부터 모든 게 순조로웠던 것은 아닙니다. 초등학교 입학 전 태권도장을 찾았던 시안이.  ‘이대로 학교에 보낼 수 없다’는 생각이 들었습니다. 그렇게 다니게 된 요리 학원이었습니다. 처음에는 혼자 수업을 들었습니다.그 과정에서 시안이의 도전 행동이 낯선 환경에서 비롯된 것임을 알게 됐습니다. 자주, 조금씩 적응할 시간을 주자 도전 행동은 줄기 시작했습니다. 그렇게 시안이는 약 3년 만에 다시 태권도장을 찾았습니다. 김기화/9층시사국 MC:시안의 사례가 통합교육에는 굉장히 좋은 사례 같다는 생각이 들어요. 그런데 보통 학교에서도 이런 시도가 지금 이루어지고 있습니까? 조혜진/9층시사국 기자:원래 그런 취지로 도입된 게 통합학교입니다. 통합학교는 일반 학급과 특수학급으로 운영이 되는데요. 수학이라든지 국어 같은 교과목은 특수학급에서 장애아동 개개인의 특성에 맞춰서 지도를 하게 되고요. 그 외에 다른 과목들은 친구들과 일반 학급에서 듣게 됩니다. 그 과정에서 이제 도전 행동 같은 것들이 나타나게 되면 시안이 사례처럼 원인을 찾고 그걸 지도를 하는 거죠. 김기화:근데 실제 교육 현장에서는 이렇게 시안이 같은 잘 된 사례를 찾아보기가 쉽지 않은 것 같아요. 특별한 이유가 있는 건가요?  조혜진:아무래도 일반 학급에는 학생이 30명 정도 되죠. 그러다 보니 선생님 한 명이 신경 써야 할 학생들이 굉장히 많고요. 그리고 이 학생이 특수학급에서 수업을 받게 돼도 6명 중 1인데요. 앞서 말씀드린 것처럼 특수학급에서는 장애아동 맞춤형 수업을 1대 1로 진행을 하게 됩니다. 그러다 보면 집중적으로도전 행동을 개선할 수 있게끔 지도할 시간이 좀 부족하다는 거죠. 그래서 지금의 학교 현장은 도전 행동을 개선할 만한 환경이 되지 못한다는 게 선생님들의 얘기였습니다.  8년째 아이들을 가르치고 있는 정원화 씨. 저학년부터 고학년 수업교재가 나란히 꽂혀 있습니다. 정 씨는 6명의 학생이 있는 특수학급의 교사입니다. 많게는 서너 학년의 학생을 한꺼번에 가르쳐야 합니다. 그런 정 씨의 학급에도 이따금씩 도전 행동을 하는 아이들이 있습니다. 특수교사가 수업을 진행하면서 도전 행동까지 대응하기는 현실적으로 어렵습니다. 이에 교육부는 앞으로 수업을 방해한 학생을 분리할 수 있다고 고시했습니다. 어디로 분리해야 할까. 학교에서는 특수학급의 법정 기준인원조차 제대로 지켜지지 않습니다. 인원이 많아지면 학급을 추가해야 하지만, 공간이 없다며 졸업을 기다릴 뿐입니다. 분리 이후 누구의 책임하에 지도가 이뤄져야 하는지도 불분명합니다. 또다른 대안으로 언급되는 행동 중재 지원은 전문성을 가진 외부 교사나 전문가를 불러 개별 학생을 지도하는 겁니다.실효성이 있는 얘기일까. 이를 논의하기 위해 모인 선생님들은 할 말이 많습니다. 지금도 운영되고 있지만, 이를 활용해 본 교사는 극소숩니다. 행동 중재 전문 교사 역시 당황스럽기는 마찬가집니다.행동 중재 전문가가 모든 책임을 지기는 어렵다는 말도 나옵니다.  김기화/9층시사국 MC:아이들 분리나 행동 중재 지원에 교육부가 나서고 있는 것 같긴 해요. 그런데 그래도 학부모님이나 선생님들이 걱정이 굉장히 크신 것 같아요.조혜진/9층시사국 기자:통합교육 현장에서 도전 행동에 대한 대책이 필요하다는 데에는 모두가 동의할 겁니다. 하지만 지금 교육부의 방침은 사실상 현상 유지에 가깝다는 거죠. 가장 근본적으로 인력이 추가로 필요하다는 데에는 선생님들뿐만 아니라 학부모들도 굉장히 공감하고 있습니다. 조혜진:정부가 제안한 교육청 행동중재지원단만 해도 서울에 고작 2명뿐입니다. 그러다 보니 학교 측에서 이 행동중지라는 걸 신청을 해도 과연 제때 제대로 된 조치가 이뤄질 수 있느냐 이런 데 대한 의문이 제기될 수밖에 없는 거죠. 김기화:그리고 또 인력이 확보되는 건 좋은데 인력이 확보되는 대로 아이들을 분리만 계속 시키는 것이 과연 능사인가, 통합교육의 어떤 취지에는 좀 안 맞는 것 아닌가 이런 생각도 좀 드네요.조혜진:오해하지 말아야 할 게 모든 자폐아동이 학교에서 심각한 도전 행동을 하는 건 아닙니다. 실제로 오랜 기간 자폐 아동을 봐온 한 전문가 역시 자신이 본 아이들 중 과반수는 학교에서 적응하는 데 큰 문제가 없었다고 얘기를 했습니다. 조혜진:그리고 도전 행동이 나타나도 학급에서 선생님의 노력, 또 가정에서 부모의 노력, 아동 자신의 노력으로 이를 개선하는 경우도 있습니다. 하지만 때로는 보다 적극적인 치료도 필요합니다. 도전 행동이 자신이나 아니면 다른 학생들을 위험하게 만드는 경우입니다. 조혜진:다만 이러한 치료는 통합을 전제로, 또 통합을 목표로 이뤄져야 한다고 합니다. 특수교육 현장의 선생님들 역시 이 부분을 굉장히 강조합니다. 딩동댕유치원의 ‘별이’는 국내 어린이 프로그램에서 처음으로 등장한 자폐 아동 캐릭터입니다. 방송에서 딩동선생님은 별이를 '우리와 같은 점도 있지만, 별이만의 생각이 있다'고 소개합니다. 별이의 머릿속을 그림으로 표현하고 소리에 예민한 모습도 그대로 보여줍니다. 조금 더 현실적으로, 아이들의 눈높이에서 별이를 그려냅니다. 지금까지 아무도 시도해보지 않았던 일입니다. 이처럼 혐오와 차별이 아닌, 이해와 다양성의 가치를 믿는 이들도 많습니다. 현장에는 치열하게 고민하는 사람들이 있습니다. 이들은 우리 사회가 충분한 답을 내놓을 의지가 있는지 묻고 있습니다.취재기자 : 조혜진촬영 : 강우용영상편집: 강정희CG : 정예나리서처: 신용하AD: 정현주 유화영","5","165",NULL
"78","1374","연합뉴스TV","연합뉴스TV 기자","[다다를 이야기] 음료 안돼요 버스기사 말에 인도로 스무디 내동댕이","2023-10-11 23:31:02","2023-10-11 23:31:02","마시던 음료를 들고 버스에 탑승하는 행위는 지자체 조례 등으로 금지돼 있습니다. 최근 서울의 한 버스정류장에서 한 남성이 마시던 스무디를 들고 버스에 타려던 일이 있었는데요, 버스기사가 이를 제지하자 남성 승객이 들고있던 음료를 그대로 인도로 '내동댕이'쳐 공분을 사고 있습니다. 어떻게 된 일인지 박현우 기자가 이번주 다다를 이야기에서 취재했습니다.#버스 #음료 #탑승 #인도 #내동댕이 #서울 #영등포 #경기버스 #다다를이야기 #다다를인터뷰 #연합뉴스TV연합뉴스TV 기사문의 및 제보 : 카톡/라인 jebo23","4","104",NULL
"146","1559","KBS","김채린 기자","[9층시사국] 월화수목토토일, 주 4일제가 온다?","2023-10-08 23:10:25","2023-10-08 23:11:15","1998년 IMF 외환 위기로 찾아온 대량 실업... 일자리를 나누자는 목표 아래, 새로운 정책이 소환됩니다.주 6일에서 주 5일제로의 전환, 찬반은 뜨거웠습니다. 2003년 우여곡절 끝에 법이 개정됐고, 주 5일제는 점차 평범한 일상으로 자리 잡았습니다.그로부터 약 20년, 코로나19 이후 재택·유연 근무의 경험은 ‘근로 시간 단축’을 다시 화두에 올렸습니다.일의 무게를 주 40시간에서 32시간으로 줄여보자는 구상. 주 4일제, 우리의 또 다른 일상이 될 수 있을까요?비 오는 출근길, 많은 이들이 바쁘게 하루를 시작하는 아침.이 회사 사무실은 텅 비었습니다. 다른 팀이 쓰는 사무실도 마찬가지입니다.금요일인데 마치 주말 같은 사무실 풍경. 주 32시간 근무, 주 4일제를 시행 중인 회사입니다.온라인 교육 전문 기업으로, 직원 360명 중 당직자를 제외한 95% 이상이 금요일엔 출근하지 않고 있습니다.주 4.5일제 3년, 이후 반년 간의 시범 운영을 거쳐 1년 4개월째 임금 삭감 없는 주 4일제를 유지하고 있습니다.  직원들이 출근한 월요일에 다시 사무실을 찾았습니다. 사무실 곳곳엔 업무 효율을 높이는 방법이 빼곡하게 적힌 포스터가 붙어 있고, 집중 업무실이 휴게실처럼 따로 마련돼 있습니다.회의 풍경도 사뭇 다릅니다. 사무실 한쪽에서 혼자 바쁘게 돌아가는 컴퓨터는, 주 4일제의 숨은 공신입니다. 일일이 입력하고 클릭해야 했던 메일 전송, 정보 등록 업무를 소프트웨어 로봇에게 맡긴 겁니다. 이렇게 만든 주 4일제 1년 만에 성과가 나타났습니다. 1년 새 매출은 14%, 채용 경쟁률은 3배 뛰었고, 퇴사율은 28% 포인트 줄었습니다. 직원들의 반응도 뜨겁습니다. 사내 설문조사 결과, 응답자의 93.5%가 주 4일제에 만족한다고 답했고, 94.1%는 주 4일제로 인해 삶의 질이 높아졌다고 평가했습니다.1년 동안 쉰 날을 세어보면, 주 4일제로 되찾은 삶의 여유가 더 확연히 드러납니다.주말과 공휴일까지 합하면 쉰 날은 191일, 일한 날보다 더 많습니다.[스튜디오 출연1]김기화 / 9층시사국 MC주 4일제라니, 정말 꿈 같은 얘기네요. 근데 보면서 제일 궁금했던 게 뭐냐하면 기존 월급은 그대로 받으면서 일만 주 4일로 줄어드는 거지 않습니까? 이게 실제로 어떻게 가능한 거죠?김채린 / 9층시사국 기자5일 동안 하던 일을 4일 안에 해내고 있다는 게 가장 큽니다. 시간당 생산성을 높인 건데요. 이를 위해서 앞서 보신 것처럼 시간을 좀 빡빡하게 쓴다든지 업무에 집중하려는 그런 노력들을 많이 했고요. 또 생산성 향상 방안을 찾기 위한 사내 공모전까지 매달 열었다고 하거든요. 직원들이 감수하는 부분도 있었는데요. 월요일부터 목요일까지의 총 근로시간이 주 5일제 당시에 비해서 늘었다는 직원이, 팀별로 차이는 있지만 평균 85% 정도 됐습니다. 그래서 금요일 하루는 쉬는 대신에 출근하는 4일 동안은 1~2시간 정도 조금 더 일을 하고 퇴근을 했다는 거고 추가 근로수당이 없었거든요. 이렇게 해서 회사는 주 4일제를 하면서도 직원을 더 채용하지 않을 수 있었고, 매출은 오히려 올라서 월급을 유지하는 데 무리가 없었다고 합니다. 김기화 / 9층시사국 MC이 회사는 굉장히 잘하고 있는 것 같은데, 딱 생각해 보면 주 4일제는 대부분 좀 약간 멀게 느껴지거든요. 또 최근에 정부에서 근로시간 개편이라고 해서 현행 주 52시간을 주 최대 69시간까지 일할 수 있게 하겠다 이런 얘기도 했지 않습니까?김채린 / 9층시사국 기자바로 그 개편안에 대한 반발이 심해서 정부가 보완 방안을 내놓겠다고 한 상황이고요. 관련한 대국민 설문조사 결과를 곧 발표하겠다고 했습니다. 지켜봐야 할 부분이고요.실제로 국내에 주 4일제 기업이 많지는 않습니다. 우아한 형제들이 주 4.5일제 형태로 주 32시간 근무를 하고 있고요. 카카오게임즈와 SK텔레콤은 격주로 주 4일제를 시행하고 있습니다. 김기화 / 9층시사국 MC지금 듣고 보니까 말씀하신 기업들의 공통점이 다 이제 IT 기업이란 말이죠. 듣고 보니까 그러면 약간 특정 기업들, 특정 직종만 이런 주 4일제가 가능한 게 아닐까 이런 생각도 좀 드는데요.김채린 / 9층시사국 기자그렇게만 꼭 볼 건 아닌 게요. 되게 의외인 분야에서 주 4일제 실험이 진행 중인 현장이 있어서 제가 취재했습니다.올 1월 열린 세계경제포럼. 주 4일제를 주제로 한 대담에서 한 직업이 주목을 받았습니다.만성적인 간호사 부족 문제의 해법으로, 주 4일제 시행이 거론된 겁니다. 이런 아이디어를 현실로 옮기는 실험이 국내에선 이미 시작됐습니다.국내 5대 병원 중 한 곳인 세브란스 병원입니다. 올해 1월부터 세 개 병동, 간호사 30명을 대상으로 주 4일제를 시범 도입했습니다.기존엔 평일, 주말 가리지 않고 주 5일 근무에 이틀을 쉬었다면, 3교대 근무는 계속하되 쉬는 날을 하루 늘린 겁니다. 줄어든 근무 시간만큼의업무 공백을 메우기 위해, 간호사 4명을 더 뽑았습니다.그만큼의 인건비를 충당하려면 간호사 1명당 임금을 28%씩 삭감해야 했지만, 10%만 줄이고 나머지는 병원이 감당하기로 했습니다.  효과는 어땠을까?시행 5개월 후 중간 평가 결과, 주4일제 간호사들이 느끼는 행복도는 100점 만점에 71점으로 18점 올랐습니다. 일과 삶의 균형 점수도 25점 증가했습니다. 세브란스병원 전체 간호사의 70% 가까이가 호소했던 ‘번 아웃’ 문제,주 4일제 간호사들이 느끼는 육체적, 정신적인 소진 정도는 모두 18점씩 떨어진 것으로 나타났습니다. 일에 임하는 자세도 달라졌습니다. 일을 그만두고 싶다, 내일 출근하기 싫다는 등의 부정적 인식이 많게는 25점 감소했습니다.[스튜디오 출연2]김기화 / 9층시사국 MC간호사라고 하면 워낙 힘든 직업이시잖아요. 그래서 주 4일제가 과연 가능할까 싶었는데, 실제로 시행되는 걸 보니까 개인의 삶뿐이 아니라 뭔가 사회 정책적으로도 의미 있는 변화가 생긴 것 같네요. 김채린 / 9층시사국 기자네. 가장 단적인 변화가 주 4일제 간호사들이 소속된 병동의 올해 간호사 사직률이 0%라고 합니다. 굉장히 이례적인 수치라고 하거든요. 이렇게 효과는 명확한데 문제는 비용입니다. 간호사들은 교대제 근무를 하기 때문에 주 4일제를 하면 인력 공백이 발생하고 이걸 메워줘야 하잖아요. 그래서 그런 추가 채용을 고려하면 세브란스 전체 간호사 6천 명이 다 주 4일제를 하려면 연간 440억 원 정도가 소요될 것이라고 병원 측은 추산하고 있습니다. 김기화 / 9층시사국 MC역시 비용이 만만치가 않네요. 그럼 지금 비용 문제 때문에 주 4일째 간호사 30명의 월급을 10%씩 깎았다는 건데 이게 아무래도 대형 병원이니까 10% 정도로 끝나겠지만 더 영세한 병원이나 작은 기업들 같은 경우에는 주 4일제를 하려면 15%, 20%를 깎아야 될 수도 있을 것 같아요. 어떻습니까?김채린 / 9층시사국 기자충분히 발생할 수 있는 문제들이고요. 그래서 노동자들의 처우 개선이나 사회복지 제도 강화 같은 정책들이 선행되지 않는다면 주 4일제는 기존의 불평등을 더 심화시킬 수 있다는 우려도 나옵니다.김채린 / 9층시사국 기자이 외에도 주 4일제를 실제 해보면 생각하지 못했던 여러 문제들이 나타날 수 있을 텐데요. 그래서 주 5일제를 도입할 때도 3~4년 간의 충분한 사회적 논의가 있었고, 그 이후에 근로자 천 명 이상 사업장부터 8년 동안 단계적으로 주 5일제를 시행했던 거거든요. 최근 정치권 일각에서 주 4일제를 띄우는 움직임들이 나타나고 있지만, 말처럼 그렇게 간단한 일은 아니라는 거죠. 김기화 / 9층시사국 MC그러니까 당장 법제화로 도입하는 것보다는 우리가 주 5일제 들어갔을 때처럼 뭔가 여러 가지 연구 그리고 공론화 과정이 좀 필요하겠다, 이런 말씀이신 거죠? 김채린 / 9층시사국 기자맞습니다. 그래서 일부 유럽 국가들처럼 주 4일제를 하기 원하는 기업에 하도록 하고 세제 혜택 등으로 지원을 한다든지, 정부 예산을 들여 일부 직종에 주 4일제를 시범 실시해 볼 필요가 있다는 의견도 나오고 있습니다.오늘도 각자의 자리에서 묵묵히 일하는 사람들. 누군가는 생계를 위해, 누군가는 성공을 위해, 하루의 대부분을 일터에서 보냅니다. 가끔씩은 ‘이렇게 사는 게 맞나’하는 의문이 종종 고개를 듭니다. 기술 혁신과 전환의 시기, 일자리와 노동 환경은 이미 빠르게 변화하고 있습니다.  일하는 시간, 방식의 변화는 생각보다 많은 것을 바꿔놓을 수 있습니다.일을 둘러싼 변화가 더 많은 사람의 삶을 풍요롭게 할 수 있도록, 새로운 상상력과 시도가 필요한 때입니다.취재기자: 김채린촬영: 조선기, 강우용영상편집: 이기승자료조사: 김보현조연출: 유화영, 정현주, 김영일","6","163",NULL
"150","1563","세계일보","박유빈 기자","“평균 웃도는 성범죄 무죄·집행유예 비율…아청법 무죄율, 2년 새 2배”","2023-10-08 23:02:03","2023-10-08 23:02:03","1심 재판에서 무죄를 선고받은 비율이 전체 형사사건 평균에 비해 성범죄 사건에서 높게 나타났다. 성범죄 관련 혐의에 대해 집행유예 선고 비율도 상대적으로 높은 것으로 드러났다.     8일 더불어민주당 박용진 의원실이 대법원으로부터 받은 자료에 따르면 지난해 강간·추행 혐의로 재판에 넘겨진 6424명 중 1심에서 ‘전부 무죄’ 판결을 받은 사람은 319명으로 4.97％였다. 같은 기간 1심에서 무죄를 선고받은 성폭력 범죄의 처벌 등에 관한 특례법 위반 혐의자 비율은 5205명 중 181명(3.48％), 아동·청소년의 성보호에 관한 법률 위반 혐의자 비율은 2418명 중 79명(3.27％)이었다. 특히 아동·청소년성보호법 위반 혐의에 대한 1심 무죄 선고 비율은 2021년 1.78％(3033명 중 54명)에서 2년 사이 2배 가까이 늘었다.      지난해 전체 형사사건은 22만3504건으로 이 중 1심에서 무죄를 선고받은 인원은 7016명(3.14％)이었다. 전체 형사사건과 비교하면 성범죄 관련 혐의에서 무죄 선고 비율은 대략 0.1∼1.8％포인트 높았다.     성범죄자가 집행유예를 선고받은 비율 역시 전체 형사사건 평균보다 높은 것으로 나타났다. 지난해 1심에서 집행유예를 선고받은 성범죄 혐의자의 비율은 아동·청소년성보호법 위반 혐의가 2418명 중 1029명(42.56％)으로 10명 중 4명을 웃돌았다. 강간·추행 혐의는 6424명 중 2469명(38.43％), 성폭력처벌법 위반 혐의는 5205명 중 1859명(35.72％)으로 이 또한 10명 중 4명은 집행유예를 받는 셈이었다.     같은 시기 전체 형사사건의 1심 집행유예 선고율은 34.37％(22만3504명 중 7만6827명)로 소폭 낮았다. 아동·청소년을 대상으로 한 성범죄 혐의자 집행유예 선고율과 비교하면 8％포인트가량 차이가 난다.     박 의원은 “법원은 여러 차례 시대에 뒤떨어진 성인지감수성을 보완하고 개선하겠다고 밝혀왔다”며 “그러나 전체 형사범죄보다 높게 나타나는 성범죄의 집행유예와 무죄 비율은 법원의 현주소를 생각하게 한다”고 지적했다.","7","168",NULL
"66","1362","KBS","김영준 기자","강원도교육청, ‘강원특별법’ 3차 개정 교육 특례 11개 선정","2023-10-11 23:54:56","2023-10-12 00:23:40","[KBS 강릉]강원도교육청이 강원특별법 3차 개정에 반영할 교육 특례 11개를 최종 선정했습니다.교육 특례는 초·중 통합 학교 운영 특례와 소규모 학교 공동 교육 과정 운영 특례, 글로벌 교육도시 지정·운영 특례, 교사 정원 증원 특례 등 11개입니다.강원도교육청은 내년 국회 통과를 목표로 강원도와 강원특별법 3차 개정안을 긴밀히 협의해 대응할 방침입니다.","7","106",NULL
"68","1364","KBS","정창환 기자","강원 시군 노인 대상 인플루엔자 무료 예방접종 시작","2023-10-11 23:51:44","2023-10-12 00:23:17","[KBS 강릉]강원도 내 대부분 시군이 오늘(11일)부터 노인을 대상으로 인플루엔자 무료 예방접종을 시작합니다.대상은 원주시를 제외한 강원도 내 17개 시군의 만 65살 이상 노인입니다.접종 대상자들은 신분증을 갖고 보건소와 위탁 계약을 체결한 민간 병·의원을 방문해 접종을 받으면 됩니다.시군 보건소들은 예방접종 혼잡을 피하기 위해 75살 이상은 오늘(11일)부터, 70살에서 74살까지는 오는 16일부터, 65살 이상은 19일부터 예방접종을 받으라고 권고했습니다.","5","108",NULL
"63","1359","연합뉴스","류미나 기자","與 이재명은 대장동 몸통…野 한동훈, 확증 편향(종합)","2023-10-11 23:57:21","2023-10-12 00:04:19","(서울=연합뉴스) 류미나 기자 = 국회 법제사법위원회의 11일 법무부 대상 국정감사에서 여야는 더불어민주당 이재명 대표의 '사법 리스크'를 둘러싸고 공방을 벌였다.    국민의힘 전주혜 의원은 '대장동 몸통'은 당연히 이재명 성남시장이라며 검찰이 명운을 걸고 수사를 하고 관련자를 낱낱이 밝혀 법의 심판을 받게 해야 한다고 강조했다.    전 의원은 '신학림-김만배 뉴스타파 허위 인터뷰' 의혹도 민주당발 '대선공작'으로 규정하며 김만배의 가짜뉴스 대선공작 게이트에 민주당이 연루된 게 아닌지 의심을 지울 수 없다고 철저한 검찰 수사를 촉구했다.    이날 검찰이 허위 인터뷰 의혹과 관련해 민주당 소속 보좌관에 대한 압수수색을 진행한 것을 두고 같은당 법사위원들이 왜 하필 법무부 국정감사 날인가라며 항의하는 데 대해서도 전 의원은 민주당 연루설을 부정할 수 없는 상황에서 진실은 진실대로 파헤쳐야 한다고 주장하며 차단막을 폈다.    이에 한 장관은 검찰이 장관한테 보고도 안하고 국감 날 압수수색 하는 것을 보면 좌고우면할 것 같지 않다고 답하며 야당의 비판까지 받아넘겼다.     정점식 의원은 이 대표가 대선 전날 뉴스타파 인터뷰 내용과 함께 '이재명의 억울한 진실'이라는 선거운동 문자메시지를 대량 발송한 점을 들어 이 대표와 민주당도 허위인 것을 알고 있었을 것이라며 가짜뉴스 확성기라고 몰아세웠다.    같은당 조수진 의원은 또 검찰이 이 대표의 위증교사 혐의만 분리 기소하는 방안을 검토하고 있다는 보도를 거론하며 (위증교사는) 실제 재판에 영향을 미쳤을 경우에는 대부분 실형이 선고되더라라며 압박했다.    이에 맞서 민주당 김영배 의원은 이 대표 영장 기각을 거론하며 검찰 수사가 무죄추정 원칙에 반한다고 비판했다.     김 의원은 그러면서 이준석 전 국민의힘 대표 말대로 양두구육(羊頭狗肉·양머리를 내걸고 개고기를 파는 것)이라고 볼 수밖에 없다고 했고, 한 장관은 민주당에서 이 전 대표 워딩을 인용하나라고 받아쳤다.    박범계 의원은 한 장관의 체포동의안 제안설명을 두고 정파의 선봉장처럼 감정 이입해 설명했다고 쏘아붙였다.    이어서 권칠승 의원은 그러니까 법원에서 (영장이) 기각이 되는 것이라며 (유죄) 확증 편향을 가진 것이라고 직격했고, 한 장관은 의원님이야말로 죄가 없다는 확증편향을 갖고 있는 것이라고 맞받았다.    같은당 송기헌 의원은 이균용 전 대법원장 후보자, 김행 여성가족부 장관 후보자, 신원식 국방부 장관 관련 논란을 거론하며 법무부 인사정보관리단에 인사검증 실패 책임이 있다고 주장했다.    김의겸 의원은 과거 정부에서는 인사 검증에 실패하면 '책임자'가 자리에서 물러났다면서 박근혜 정부 때 곽상도·홍경식 전 민정수석, 노무현 정부 때 정찬용 전 인사수석을 각각 거명했다.    그러자 한 장관은 문재인 정부 때는 없네요라며 끼어들었고, 김 의원은 지금…이라고 뜸을 들이다가 넘어가자. 취지는 알지 않나라더니 하여튼 도대체 누가 책임을 진다는 건지 드러나지 않고 있다고 쏘아붙였다.     박용진 의원은 이러다 대통령이 몽땅 책임지게 생겼다라고 꼬집었다.         minaryo@yna.co.kr","7","103","4"
"149","1562","세계일보","이정한 기자","2025년 담배 유해성분 모두 공개한다… 전자담배도 포함","2023-10-08 23:03:01","2023-10-08 23:03:01","2025년 10월부턴 담배 회사가 공개하지 않았던 담배 유해 성분이 모두 공개된다. 흡연으로 인한 질병 치료와 화재 등에 쓰이는 사회·경제적 비용이 막대한 탓에 세계 각국이 담배 규제를 강화하고 있는데 우리나라도 늦게나마 규제 행렬에 동참하게 됐다.     8일 보건복지부와 식품의약품안전처에 따르면 담배의 모든 유해성분을 공개토록 하는 ‘담배의 유해성 관리에 관한 법률’ 제정안이 지난 6일 국회를 통과했다. 2005년 세계보건기구 담배규제협약(WHO FCTC)을 비준한 지 약 20년, 관련 법안이 처음 발의된 지 10년 만이다. 새 법은 공포하고 2년 뒤 시행된다.      새 법에 따르면 담배 제조·수입 판매업자는 2년마다 제품 품목별로 유해성분 검사를 받고 그 결과를 정부에 제출해야 한다. 유해성분 종류는 담배유해성관리위원회에서 결정하고, 발암물질은 모두 포함될 것으로 보인다. 담배 회사가 제출한 유해 성분 종류는 온라인 등에 공개된다. 연초담배 외에 액상형·궐련형 등 전자담배도 유해 성분 공개 대상에 포함됐다.     세계보건기구(WHO)에 따르면 담배 연기에서 나오는 유해 화학물질은 4000종이 넘고 발암물질은 7종이 넘는다. 그동안 국내에서 담배 회사는 타르와 니코틴 함유량만 담뱃값에 표기하고, 나프틸아민·니켈·벤젠·비닐 크롤라이드·비소·카드뮴 등 6가지 발암성 물질은 함유량 없이 명칭만 표기했다. 모든 성분을 표시하는 화장품보다도 규제가 느슨하다는 지적이 제기됐다.     새 법이 시행된 후 판매업자 등이 유해성분 검사를 받지 않거나 검사 결과서를 정부에 제출하지 않으면 시정명령을 받게 된다. 기한 내 시정명령을 이행하지 않으면 해당 담배는 사실상 판매가 금지된다.     세계 각국은 담배 규제를 강화하는 정책을 검토하고 있다. 담뱃값이 오르거나 관련 규제가 강화될 때마다 ‘이럴 거면 나라에서 담배를 팔지 말아라’라는 볼멘소리가 나오는데, 담배 판매를 금지하는 법도 시행하겠단 방침이다.     시작은 뉴질랜드였다. 2027년에 성인이 되는 2009년 1월1일 출생자부턴 담배를 살 수 없게 하는 법을 지난해 통과시켰다. 뉴질랜드는 흡연율을 2025년까지 5%로 낮추겠다며 담뱃세와 담뱃값도 계속 올리고 있다. 지금은 담배 한 갑이 한국 돈으로 3만원 정도에 달한다.     영국도 뉴질랜드 정책을 도입하는 걸 적극 검토하고 있다. 2009년 출생자부턴 담배를 살 수 없게 하고, 판매 가능 연령도 매년 한 살씩 높여 2040년쯤에는 젊은 층의 흡연을 중단시키겠단 구상이다.     영국의 흡연율은 약 13%로 640만명가량이 흡연자인 것으로 추정된다. 매년 6만4000명이 흡연 때문에 발생한 질병으로 사망하고 있다. 흡연으로 쓰이는 국민보건서비스(NHS) 재정은 매년 170억파운드(한화 약 27조9000억원)에 달한다. 일부에선 흡연자가 담배를 사면서 세금을 많이 낸다고 하지만 흡연이 세수보다 더 큰 비용을 발생시킨다는 게 전문가들의 분석이다.     다만 뉴질랜드와 영국의 금연법이 과거 미국 금주법처럼 담배 밀수를 늘리고 암시장만 키울 수 있다는 우려도 있다. 개인의 자유를 침해한다는 지적도 나오면서 관련 정책을 두고 논쟁이 거세질 전망이다.","7","167","9"
"69","1365","전주MBC","이정용 기자","민주당 진교훈, 강서구청장 당선 확실","2023-10-11 23:50:01","2023-10-12 09:21:01","11일 치러진 서울 강서구청장 후보 보궐선거에서 진교훈 더불어민주당 후보의 당선이 확실해 보입니다.개표가 66.60% 진행된 밤 11시 25분 현재 진 후보는 득표율 60.25%(9만 7천367표)로, 35.80%(5만 7천861표)를 얻은 김태우 후보를 크게 앞서고 있습니다.","7","109",NULL
"152","1565","MBC","구나연 기자","택시기사들 휴대전화 빌려 1억여원 빼간 승객 구속","2023-10-08 22:54:48","2023-10-08 22:57:01","내비게이션 목적지를 설정하겠다며 택시 기사에게 휴대전화를 빌려 돈을 빼가는 수법으로 1억여 원을 갈취한 남성이 구속 상태로 검찰에 넘겨졌습니다. 인천 삼산경찰서는 지난 8월과 9월 수도권 일대 택시 기사 17명에게 총 1억여 원을 훔친 20대 남성을 사기 혐의로 구속해 검찰에 넘겼다고 밝혔습니다.  남성은 고의로 택시비를 더 많이 송금해 기사들이 현금인출기에서 돈을 찾도록 하며 비밀번호를 몰래 훔쳐 본 것으로 조사됐습니다. 경찰은 피해 기사의 신고로 수사에 착수해 사건을 지난주 검찰에 송치했습니다.","7","170",NULL
"113","1526","뉴시스","최진석 외 2명","100만명 모인 '인산인해' 불꽃축제 역대급 불꽃쇼 [뉴시스Pic]","2023-10-07 23:59:10","2023-10-07 23:59:10","[서울=뉴시스]최진석 박광온 김명년 기자 = 서울세계불꽃축제를 즐기기 위해 100만명이 넘는 인파가 몰려 한강공원이 북새통을 이뤘다.이날 행사 시작 7시간 전인 이날 낮 12시께부터 이미 여의도 한강공원은 이른바 '명당'을 찾으려는 친구·가족·연인들이 몰려 돗자리 하나 펴기 힘들 정도로 인산인해를 이뤘다.축제가 본격적으로 시작된 오후 7시25분, 서울 여의도 하늘을 화려한 불꽃이 수놓으면서 연신 감탄과 박수갈채가 쏟아졌다. 시민들은 불꽃이 터지는 순간을 담기 위해 휴대전화를 꺼내 연신 사진 셔터를 눌렀다.이태원 참사 이후 1년 만에 100만명 이상 모이는 축제인 만큼, 경찰과 서울시 등은 인파관리와 안전통제에 총력을 다했다. 이날 경찰은 105만명의 인파가 모일 것으로 예상하고 여의도와 이촌·망원 등에 주최 측 안전요원 등을 포함해 5400명을 배치했다. 교통관리를 하는 교통경찰·교통관리 요원 등 460여명까지 포함하면 6000여명의 인원이 배치된 셈이다.공원에는 경찰이 30~40ｍ 간격으로 배치돼 현장 안전을 관리했고, 봉사자들도 통행 구역 곳곳에서 형광봉을 든 채 시민들의 원활한 이동을 안내했다.이번 불꽃축제에는 한국, 중국, 폴란드 등 3개국이 참가해 한강 밤하늘에 불꽃을 쏘아 올렸다.","7","132",NULL
"73","1369","세계일보","김수연 기자","“왜 늦게 와” 야단치는 어머니 살해한 대학생, 첫 재판서 한 말 보니","2023-10-11 23:39:02","2023-10-11 23:39:02","술에 취해 집에 늦게 들어왔다며 혼내는 어머니를 살해한 혐의로 재판에 넘겨진 대학생이 첫 재판에서 혐의를 모두 인정했다.     존속살해 혐의로 구속기소 된 대학생 이모(19)씨의 변호인은 11일 오후 서울남부지법 형사합의12부(당우증 부장판사) 심리로 열린 첫 공판에서 “공소사실을 모두 인정한다”고 밝혔다.     다만 이씨 측은 재판부에 제출한 의견서에서 범행 당시 술에 취한 상태였다며 심신미약을 주장한 것으로 전해졌다.     황토색 수의를 입고 법정에 출석한 이씨는 생년월일과 주거지 등을 확인하는 재판장의 질문에 담담한 목소리로 답했다.     재판부는 존속살해 사건인 만큼 면밀한 양형 조사를 위해 이씨 측에 법원 조사관을 통한 양형 조사 신청을 주문했다. 양형 조사는 피고인과 주변인 등을 면담해 가정환경과 전과, 범행 경위, 합의 여부 등 형량을 따질 때 고려해야 할 사항들을 조사하는 절차다. 재판부는 같은 취지로 이씨의 삼촌과 누나 등에 대한 증인 신문도 고려하도록 했다.     이씨는 지난 8월3일 새벽 서울 영등포구 집에서 50대 어머니를 흉기로 찔러 살해한 혐의를 받는다.     이씨는 범행 당일 술에 취해 늦게 귀가했다는 이유로 화를 내는 어머니와 몸싸움을 벌이던 중 흉기를 휘두른 것으로 조사됐다.     이씨는 평소 잦은 과음 문제로 어머니와 갈등을 빚어온 것으로 전해졌다.","7","114",NULL
"85","1381","한겨레21","한겨레21 기자","‘악마의 오줌’ 같은 이 커피로 엄청난 돈을 벌 거예요","2023-10-10 23:39:01","2023-10-10 23:39:01","17세기 세계 무역과 금융의 중심지 네덜란드 암스테르담의 한복판 담 광장에 웅장한 거래소 빌딩이 자리잡고 있습니다. 영국 런던 왕립거래소와 경쟁하는 세계 최초의 본격 상품거래소 중 하나입니다. 빨간 벽돌로 쌓아올린 육각형 모양의 거대한 3층 건물로, 구역별로 거래하는 상품이 나뉘어 있었습니다. 벽 쪽의 실내는 보석, 부동산, 양모, 고래기름, 담배 등을 거래하는 상인들이 차지하고 있었습니다. 천장이 없는 중정에서는 향료, 와인, 염료, 약재 등이 거래됐습니다.이곳에서 거래인들은 요란스럽게 떠들면서 숨 가쁘게 매도·매수 주문을 냅니다. 네덜란드인이 가장 많았지만 여러 나라에서 온 외국인들도 이곳에서 거래했습니다. 스페인·독일·프랑스·영국 상인은 항상 있었고, 때때로 튀르크인과 인도인도 보였습니다. 상품거래소는 일반인이 흔히 머리에 떠올리는 도소매 시장이 아닙니다. 이곳에서는 거래하는 상품을 거의 볼 수 없습니다. 상인들은 향료나 소금을 자신의 창고에 보관한 채, 이곳에서는 거래 계약만 했습니다. 또 인도네시아에서 바다를 건너오는 향료를 사고팔았고, 브라질에서 아직 수확조차 안 한 사탕수수 속 설탕도 거래했습니다. 현물거래도 있었지만 오늘날 사람들도 어려워하는 금융 종목인 선물·옵션의 거래가 더 일반적이었습니다. 선물은 상품을 미래 정해진 날짜에 미리 정한 가격으로 사고팔기로 약속한 계약입니다. 옵션은 선물과 비슷하지만 조금 다릅니다. 미리 정한 가격으로 미래에 사거나(콜) 팔(풋) 수 있는 권리입니다. 조금 생소한가요? 이 정도만 알고 넘어가도 됩니다. 허위 소문을 퍼트리거나 팀을 이뤄 짜고 하는 거래도 빈번했고, 음모와 배신도 만연했습니다. 요즘 시장에서는 허위사실 유포와 통정매매, 시세조정, 내부자거래 등으로 처벌받겠지만 당시에는 그러려니 하고 넘어가는 행위였습니다. 거래소에서는 순식간에 거부가 되거나, 또 하루아침에 파산하는 일이 특별하지 않았습니다. 거래소 바로 옆에 위엄스레 서 있는 암스테르담 왕궁(당시엔 시청으로 쓰였습니다)에는 은행이 있어, 거래인들은 현금을 주고받지 않고 은행 계좌 간 이체로 결제했습니다. 거래소가 문을 열지 않는 시간에는 인근 운하나 교회 앞에 모여 정보를 교환했습니다. 담 광장으로 이어지는 바르무스 거리의 술집들은 인기가 많아, 상인들은 이곳에서 술에 취해 허세를 떨며 무용담을 나누거나 자신의 불운을 한탄했습니다. <암스테르담의 커피상인>은 이 암스테르담 거래소를 배경으로 합니다. 푸르투갈 리스본에서 이주한 미후엘 리엔조는 거래소를 주름잡고 모두가 질투할 정도로 성공한 거래인이었지만, 1659년 대규모로 투자한 설탕 가격이 폭락하는 바람에 전 재산을 날리고 동생 다니엘의 집 지하실에 빌붙어 사는 신세입니다. 재기를 위해 여기저기서 빚내어 브랜디 위스키 선물에 투자했는데 이것도 가격이 시원찮습니다. 일주일 뒤 선물결제일이 닥치면 다시 한번 큰 타격을 입을 절체절명의 상황입니다.그때 부유하고 매혹적인 30대 중반의 과부 헤이트라위트 담하위스가 음료를 내밀며 유혹합니다. 미후엘은 처음 보는 시커멓고 뜨거운 액체의 향을 맡고 ‘악마의 오줌’ 같다며 거절합니다. 헤이트라위트는 ‘악마의 오줌 같은 이 음료로 엄청난 돈을 벌 거예요’라며 거듭 마셔보라고 권합니다. 커피입니다. 튀르크인을 통해 16세기 중반 유럽에 전래됐지만 아직 영국을 제외하면 유럽인 사이에 널리 알려지지 않은 물품입니다. 미후엘은 과연 어떤 선택을 할까요?본래 리엔조 집안은 리스본에서 거주하던 유대인 가문이었습니다. 아라곤 왕 페르디난트 3세와 카스티야 여왕 이사벨 1세가 1492년 이슬람 왕국 그라나다를 정복하고 이베리아반도에 통일된 가톨릭 왕국을 세웠습니다. 이때부터 가톨릭 이외의 종교에 대한 탄압이 강화됐습니다. 유대교와 이슬람을 믿는 사람들은 가톨릭으로 개종하든가 왕국을 떠나든가 둘 중 하나를 강요받았습니다. 유대교에서 가톨릭으로 개종한 사람을 콘베르소(Converso)라고 하는데, 겉으로는 기독교도인 척했지만 몰래 유대교 전례에 참석하는 이들도 꽤 있었습니다. 주인공 미후엘이 그런 인물입니다. 반면 미후엘의 아버지는 추방될 것이 두려워 유대교를 완전히 버렸는데, 어이없게도 모함을 받아 가톨릭 종교재판관들의 고문을 받다 죽게 됩니다. 그 뒤 미후엘과 동생 다니엘은 종교적 관용을 찾아 암스테르담에 정착합니다. 이들처럼 스페인과 포르투갈에서 온 유대인을 ‘세파르디’라고 합니다. 반면 독일에서 이주한 가난한 유대인은 ‘투데스코’라고 구분됐습니다.미후엘은 암스테르담에서 유대교 예배와 공부 모임에 참석하면서 모처럼 종교적 자유를 만끽합니다. 하지만 마아마드(Ma’amad)의 압박을 느끼기 시작합니다. 유대교 원로 지도자인 파르나스로 구성된 마아마드는 암스테르담 세파르디 공동체 내에서 막강한 권력을 휘두르는 조직입니다. 부유한 상인이자 파르나스인 솔로몬 파리도는 유대인 공동체에서 가장 힘 있는 존재입니다. 그는 안식일을 지키지 않거나 금지된 음식을 먹는 것을 적발하는 일을 넘어서서, 사적 이익과 감정에 따라 마아마드의 권력을 휘둘렀습니다. 알론조 알페론다 역시 리스본 출신의 유대인 상인으로 미후엘의 가까운 친구입니다. 그는 투데스코 유대인에게 적선했다는 이유로 파문당했습니다. 마아마드는 가난한 투데스코가 세파르디와 함께 유대인으로 묶이면 불리할 것이라 생각하고 이들을 배척했습니다. 하지만 이는 표면적인 이유일 뿐입니다. 실제로는 파리도가 한때 소금 선물 거래에서 알페론다로부터 큰 손해를 본 적이 있어 앙갚음한 것입니다. 알페론다는 유대인 공동체에서 쫓겨난 뒤 악명 높은 대부업자로 활동하며 복수를 모색합니다.미후엘 역시 파리도의 눈 밖에 나 있습니다. 미후엘은 암스테르담에 도착한 직후 파리도와 매우 가까웠고, 파리도의 외동딸 안토니아와 약혼했습니다. 하지만 곧 파경에 이르렀습니다. 안토니아가 자기 하녀와 미후엘이 정사를 나누는 모습을 목격했기 때문입니다. 안토니아는 먼 나라의 평범한 상인과 결혼했고, 이후 파리도는 미후엘과 사사건건 대립했습니다. 늘 미후엘에게 열등감을 느끼던 동생 다니엘은 파리도에게 굽신거리며 미후엘을 박해했고, 다니엘의 아내 한나는 미후엘을 짝사랑하면서 남편을 증오했습니다.궁지에 몰린 미후엘은 며칠 외국의 커피시장 동향을 살피고 궁리를 거듭합니다. 이런 신비한 향과 맛, 정신을 더욱 또렷하게 하는 효과까지 고려하면 커피에 미래가 있다고 생각합니다. 하지만 그는 평범한 거래인이 아니었습니다. 그저 ‘커피 수요가 늘 테니 미리 커피를 사두자’는 단순한 생각을 뛰어넘습니다. 미후엘의 계획은 이렇습니다. 커피를 대규모로 수입하고 소문내서 암스테르담 커피 가격을 폭락시킵니다. 그 전에 풋옵션을 대규모로 사들여 가격 하락에서 짭짤한 이익을 냅니다. 암스테르담에 커피 공급이 급증해 가격이 폭락했다는 소문이 유럽 각지에 퍼지면 런던, 함부르크, 리스본, 마르세유 등의 거래소에서도 가격이 하락하게 됩니다. 그때 미후엘과 작당한 각 거래소의 대리인들이 헐값에 커피를 사들입니다. 이렇게 하면 미후엘은 전 유럽의 커피를 사실상 독점할 수 있습니다. 이후 커피 공급이 부족해지면 영국에서부터 가격이 오를 것이고 전 유럽에 확산될 것입니다. 물론 이런 상황이 영원할 수는 없습니다. 동남아시아와 아프리카에서 더 많은 커피가 재배돼 수입되겠지만 그동안 미후엘은 독점력을 이용해 큰 이익을 실현하고 빠지면 됩니다. 미후엘의 천재적인 계획에 감탄한 헤이트라위트는 자본을 대겠다고 나서고 둘은 거대한 ‘작전’에 돌입합니다. 하지만 시간이 갈수록 미후엘은 이상한 징후를 느낍니다. 자신의 숙적 파리도와 동생 다니엘이 계속 의심하면서 커피 거래에서 빠지라고 촉구합니다. 친구 알페론다의 행동도 어딘지 이상합니다. 게다가 유일한 동업자 헤이트라위트 역시 미후엘에게 뭔가를 감추고 있습니다. 운명의 시간은 다가오고 미후엘은 다시 한번 혼란에 빠집니다. 이후의 상세한 내용은 책을 읽을 분들을 위해 아껴두겠습니다. 더욱 흥미진진해진다는 것만 말씀드리겠습니다.네덜란드에 세파르디 유대인이 대규모로 정착한 이래 암스테르담은 전세계 유대인의 역사에서 중심지가 됐습니다. 역으로 17세기 네덜란드 황금기를 견인한 무역과 금융에서 유대인의 활약은 결정적이었습니다. <암스테르담의 커피상인>은 이를 정교하게 재현하는 데 성공했습니다. 미후엘이 커피 거래에 뛰어들기 3년 전 암스테르담의 위대한 유대 철학자 스피노자가 마아마드에 의해 유대교에서 파문당한 바 있습니다. 그의 종교적 견해가 유대교 정통에 맞지 않았다는 것이 가장 큰 이유였지만, 스피노자가 동인도회사의 아시아 무역 독점을 비판한 것도 중요한 요인이었습니다. 그만큼 암스테르담의 유대인들은 무역과 금융에 필사적이었습니다.이 책에서 묘사된 각종 거래 기법이 너무 전문적이라는 평도 있지만, 이 분야에 경험과 관심이 있는 분들에게는 이것이 오히려 매력으로 다가갈 것입니다. 설령 선물과 옵션에 완전히 문외한이라 하더라도 책을 즐기는 데는 별 지장이 없습니다. 책을 읽다보면 17세기 암스테르담의 거래소와 유대교 회당, 골목골목의 술집과 카페 앞을 걷는 느낌이 들 정도로 생동감 있게 내용이 펼쳐집니다. 제 글에서는 특별히 강조하지 않았지만 연애소설의 맛도 훌륭합니다. 미후엘이 헤이트라위트와 맺어질지, 또 한나와는 어떻게 될지 흥미진진하게 따라갈 수밖에 없습니다.","6","112","9"
"74","1370","KBS","이청초 기자","강원도 홍천서 80대 보행자 승용차에 치여 숨져","2023-10-11 23:37:49","2023-10-12 00:30:01","오늘(11일) 저녁 7시 15분쯤 강원도 홍천군 화천면 군업리 56번 국도에서 길을 걷던 80대 여성이 60대 이 모 씨가 몰던 쏘렌토 승용차에 치었습니다.  이 사고로 보행자 80대 여성이 심정지 상태로 병원으로 옮겨졌지만, 숨졌습니다. 경찰은 운전자를 교통사고특례법 위반(치상) 혐의로 입건하고, 정확한 사고 경위를 조사하고 있습니다.","7","115",NULL
"75","1371","동아일보","조혜선 기자","강서구청장에 野 진교훈 당선…김태우에 17%p 차 압승","2023-10-11 23:35:01","2023-10-12 01:03:01","11일 치러진 서울 강서구청장 보궐선거에서 더불어민주당 진교훈 후보가 당선됐다. 진 후보는 “이번 선거는 상식의 승리, 원칙의 승리, 강서구민의 위대한 승리라고 생각한다”고 소감을 밝혔다.12일 중앙선거관리위원회에 따르면 10·11 강서구청장 보궐선거 최종 개표 결과, 진 후보의 득표율은 56.52%(13만7066표)다. 국민의힘 김태우 후보는 39.37%(9만5492표)를 득표했다. 진 후보는 김 후보를 17.15%포인트 차로 앞서며 압승을 거뒀다.진 후보는 당선이 확실시된 11일 오후 11시 32분경 배우자와 함께 캠프 상황실을 찾았다. 진 후보는 “낮은 자세로 구민들을 섬기는 구청장이 되겠다”며 “구민들 목소리에 늘 귀를 기울이고 구민들 눈높이에서 일하는 진짜 일꾼이 되겠다”고 했다. 이어 “강서 미래와 발전을 위해 부족하지만 헌신적으로 노력하겠다. 사심 없이, 반칙 없이 일하겠다. 여러분을 섬기겠다”고 했다.  비슷한 시간, 김 후보는 패배를 인정했다. 그는 패색이 짙어지자 캠프 상황실에서 “저를 지지해준 분들의 성원에 화답하지 못해 죄송하다”며 “강서구민의 선택을 겸허히 받들고 더 낮은 자세로 일하겠다”고 낙선의 변을 남겼다. 이어 진 후보에게 “축하의 말을 전하며 우리 강서구 발전을 위해 민생을 잘 챙겨주시길 부탁드린다”고 전했다.","7","109",NULL
"76","1372","전자신문","김동성 기자","인천경제청, 11일 싱가포르서 'MUST.CONNECT Singapore 2023' 개최","2023-10-11 23:33:01","2023-10-11 23:33:01","인천경제자유구역청(청장 김진용)은 11일 싱가포르 사이언스 파크에서 인천경제자유구역(IFEZ) 혁신생태계 조성 사업의 일환으로 머스트 액셀러레이터와 함께 한국-싱가포르 바이오 스타트업 및 글로벌 바이오기업, 투자자 등이 참가한 'MUST.CONNECT Singapore 2023'을 개최했다.11~12일까지 열리는 이번 행사는 바이오테크, 메드테크(med-tech), 의료기기, 바이오 소재·부품·장비, 디지털헬스케어 등 바이오 기술 기반의 유망한 스타트업을 대상으로 글로벌 시장에서 새로운 시장 진출 기회와 투자 유치의 기회를 얻도록 마련된 글로벌 오픈이노베이션 로드쇼다.이날 행사는 자체 선발된 10개의 유망 바이오 스타트업들이 기술에 대한 검증 파트너에서부터 싱가포르 기반 아시아태평양 지역 스타트업 생태계와의 네트워킹과 현지 파트너 발굴 미팅까지 지원된다.첫째 날에는 '바이오 제약(Bio-Pharmaceuticals)'을 주제로 존슨앤존슨, 사노피, 오가논 등 아시아퍼시픽 등 글로벌 제약사 오픈이노베이션 관계자가 싱가포르 바이오산업 시장 및 생태계의 인사이트와 관련한 협업 프로그램을 직접 소개한다. 개방형 연구 협업에 적극적인 '협력(Co11lab)'도 이날 발표와 함께 한국 스타트업 기업과 협업을 논의한다. 또 싱가포르 스타트업계 활성화를 담당한 'SG Innovate', 투자관계자와 'Heritas' 등 벤처캐피탈(VC)이 참여한 투자 패널 토의가 이어지고, 한국의 스타트업 참여기업인 이뮨앱스, 인엑소플랫, 마이크로바이오틱스, 루다큐어, 브이에스팜텍, 제이앤피메디의 기업설명회(IR) 피칭이 진행된다.둘째 날에는 '의료기기 헬스케어(MedTech and Digital Healthcare)'를 주제로 필립스벤처스를 비롯한 글로벌메드텍 기업과 국립싱가포르임상시험기관(SCRI) 등이 함께하며 임상 협업과 관련한 생태계의 현황을 나눈다. 또 관련 주제 한국의 바이오 스타트업 IR 피칭이 이어진다. 참여기업은 뉴라이브, 스마투스, 포트레이, 에이블랩스 등 4개 사다. 이후 기업별 제품·서비스 소개 등과 글로벌 진출을 위한 전략적 파트너를 찾는 1대1 비즈니스 미팅 시간이 이어진다.이와 함께 제품·서비스 전시, 전략적 파트너사와 기업 간 현지 비즈니스 미팅 외에 싱가포르 바이오협회 및 현지 스타트업과 글로벌 시장 협력 및 정보 공유 기회도 가진다.인천경제청은 이번 행사를 계기로 바이오의약 연구 및 글로벌 공급망 가치사슬 강화, 바이오 의약산업 투자유치, 바이오 벤처의 맞춤형 지원 프로그램 강화로 IFEZ가 K-바이오를 선도하는 바이오 의약품 생산·연구개발, 글로벌 혁신 생태계 조성에 앞장설 계획이다.김진용 청장은 “바이오·헬스케어 산업은 어떤 분야보다도 글로벌 협력을 통한 사업의 가속화가 매우 중요한 영역”이라며 “이번 행사가 한국-싱가포르 스타트업 생태계 간 교류를 확대하고 기업 투자유치, 연구개발(R&D) 협력 등에서 성과를 내는 계기가 되길 기대한다”고 말했다.","3","116",NULL
"77","1373","중앙일보","정시내 기자","5성급 호텔서 마약한 20대 남녀…말다툼 벌이다 112 신고","2023-10-11 23:31:58","2023-10-12 01:41:01","인천 연수구 한 고급 호텔에서 마약류를 투약한 20대 남녀가 입건됐다.      인천 연수경찰서는 호텔 투숙 중 마약을 투약한 혐의(마약류 관리에 관한 법률 위반)로 20대인 남성 A씨와 여성 B씨를 불구속 입건했다고 11일 밝혔다.      A씨 등은 연수구 5성급 호텔에 투숙하면서 전날 오후 5시와 이날 오전 3시께 총 2차례에 걸쳐 케타민을 투약한 혐의를 받고 있다.      A씨는 B씨와 말다툼을 벌이다가 이날 오전 8시 48분께 112에 “마약을 투약했다”고 자수했다.      경찰이 이들을 대상으로 진행한 간이 시약 검사에서는 마약류 양성 반응이 나왔다.      이들은 “텔레그램을 통해 케타민을 구매한 뒤 투약했다”며 혐의를 인정했다.      경찰 관계자는 “피의자들의 소변과 모발을 채취해 국립과학수사연구원에 정밀 검사를 의뢰했다”며 “구체적인 마약 입수 경로도 조사할 계획”이라고 말했다.","7","117",NULL
"81","1377","KBS","KBS강릉 기자","춘천·삼척·철원, 축산악취개선 사업 대상 포함","2023-10-10 23:58:03","2023-10-11 00:15:16","[KBS 강릉]강원도는 춘천시와 삼척시, 철원군이 정부의 '축산악취개선 공모사업' 대상으로 선정돼 국비 4억 원을 확보했다고 밝혔습니다.세부적으로는 춘천시가 '분뇨처리방식개선' 분야에, 삼척시는 '축산악취저감' 분야에, 철원군은 축산분뇨를 자원화하는 '경축순환활성화' 분야에 각각 선정됐습니다.이에 따라 강원도는 국비와 융자 지원 등을 더해 모두 22억 원 규모로 축산 환경 개선사업을 진행할 예정입니다.","2","120",NULL
"120","1533","전자신문","김동성 기자","광주시, '제2회 경기도 드론 경진대회' 장려상 수상","2023-10-07 23:55:01","2023-10-07 23:55:01","경기 광주시는 '2023년 제2회 경기도 드론 경진대회'에 참가해 3위에 입상하는 성과를 거뒀다고 5일 밝혔다.이번 드론 경진대회는 경기도 내 드론 전담 공무원의 전문성 향상을 위해 마련했다.대회에는 경기도 및 시·군 등 16개 팀 드론 담당자 45명이 참가해 탐색·장애물 통과·표적 식별·측면 비행·드론 촬영 등 다양한 유형의 문제로 조종 능력을 평가했다.광주시는 정보통신과 지능정보팀(오세기, 민병욱, 오구환) 3명이 참가해 장려상을 차지했다.광주시는 드론을 활용한 현장 중심의 행정서비스 활성화를 위해 2019년 드론 장비 도입과 드론 운영 전담팀을 구성해 접근 불가능한 지점이나 변화 지역에 대한 최신의 드론 공간정보(고해상도 항공사진, 동영상, 파노라마 등)를 제공해 과학적인 행정이 가능하도록 지원하고 있다.시 관계자는 “광주시는 드론을 활용한 최신의 공간정보 서비스로 예산 절감은 물론 현장 행정의 효율성을 향상시켜 왔다”며 “앞으로도 시정 전반에 드론을 활용한 현장 중심 행정서비스로 신속한 정책 결정을 지원하겠다”고 말했다.","9","139",NULL
"83","1379","뉴시스","이재준 기자","[올댓차이나] '디폴트' 자자오예, 청산시 채권 회수율 5% 미만 경고","2023-10-10 23:41:03","2023-10-10 23:41:03","[서울=뉴시스이재준 기자 = 부채 상환 위기로 채무불이행(디폴트)에 빠진 중국 부동산 개발사 자자오예 집단(佳兆業 集團  KAISA)은 10일 자사가 강제청산에 몰리면 채권 회수율이 5% 미만에 그칠 것이라고 밝혔다.동망(東網)과 이재망(理財網), 자유재경(自由財經) 등은 이날 법원에 청산을 신청한 채권자 대리인을 인용해 자자오예 측이 이같이 경고했다고 전했다.지난 7월 싱가포르 헤지펀드 브로드 피크 인터내셔널은 홍콩 고등법원에 1억7000만 위안 상당 채권의 상환을 받지 못했다며 자오자예의 청산을 청구했다.청구인을 대변하는 제임스 우드 변호사는 자자오예가 법원에 제출한 문건에서 현금 대비 단기채무 비율이 0.02로 부실 상태라고 확인했다고 전했다.광둥성 선전(深圳)에 본사를 둔 자자오예는 2015년 달러채 상환에 실패하면서 디폴트 상황에 들어갔다가 중국 부동산 업체로는 처음 부채 재조정을 진행했다.하지만 막대한 채무문제로 자자오예는 다시 채무불이행으로 전락했다. 옵쇼어채 디폴트에서 2년 가까이 지났지만 아직 구체적인 재편계획을 공표하지 않고 있다.6월 말 시점에 자자오예 부채 총액은 2325억 위안(43조360억원)이며 이중 대출이 376억 위안10일 관련 심리에서 채권자 대리인은 자자오예가 법원에 내놓은 진술에 관해 언급했다. 자자오예는 채권자의 청산 신청을 취하하라고 요구하고 있다.홍콩 법원은 자자오예 대해 차기 심리까지 부채 재편의 진척 정황을 보고하라고 명령했다.120억 달러(약 16조2120억원) 규모 옵쇼어채를 안은 자자오예는 중국 부동산 업체 가운데 헝다집단(恒大集團) 다음으로 많은 옴쇼어채를 발행했다.","6","122",NULL
"125","1538","KBS","양창희 기자","‘학동 참사’ 부실 해체계획서 공무원, 징계 요구","2023-10-07 23:49:32","2023-10-08 00:51:01","[KBS 광주]17명의 사상자를 낸 2021년 광주 학동 붕괴 참사와 관련해, 부실한 건물 해체계획서를 승인해 준 공무원들이 징계 요구를 받았습니다.광주시 감사위원회는 광주 동구 종합감사 결과, 2021년 광주 학동4구역 재개발과 관련해 건물 붕괴 방지 대책 등이 빠져 있는 건물 해체계획서를 그대로 허가한 공무원 2명에 대해 경징계를 요구했습니다.이번 감사에서는 식품에서 바퀴벌레가 발견됐는데도 영업정지·고발 대신 시정명령만 내리거나, 구청 휴양시설 회원권을 가족이 아닌 다른 사람에게 사용하도록 한 공무원 등도 적발되는 등 지적사항 54건이 확인됐습니다.","3","144",NULL
"132","1545","KBS","천현수 기자","심장혈관·흉부·신경외과 전공의 ‘수도권 집중’","2023-10-07 23:39:26","2023-10-08 00:46:02","[KBS 창원]심장혈관과 흉부외과, 신경외과 전공의의 수도권 집중으로 비수도권의 의료 체계가 취약해지고 있는 것으로 나타났습니다.국회 보건복지위 김원이 위원이 보건복지부로부터 받은 자료를 보면, 올해 전국에 배치된 심장혈관, 흉부, 신경외과 전공의 178명은 수도권에 57%, 비수도권에 43%입니다.비수도권 시·도별로는 부산과 대구가 각 12명으로 가장 많고, 경남 9명, 경북과 전남, 세종은 0명에서 2명에 그쳤습니다.","5","150",NULL
"91","1387","YTN","엄윤주 기자","이 목소리를 들어보세요...상습 보이스피싱 사기범 음성 공개","2023-10-10 23:28:14","2023-10-10 23:31:01","[앵커]누가 당하나 싶지만, 여전히 보이스피싱 사기 범죄가 횡행하고 있습니다.긴박한 상황을 조성하며 협박하다 보니 막상 본인이 이런 상황에 닥치다 보면 깜빡 속아 넘어갈 수밖에 없는 건데요.상습 보이스피싱 사기범들의 목소리를 들으며, 엄윤주 기자가 이들의 주된 수법을 알려드리겠습니다.[기자][상습 보이스피싱범 A : 본인께서는 어떤 생각으로 협조를 못 하는지 다르게 저희 쪽에서 판단할 수도 있고, 구속영장을 집행할 수도 있으니까.]누군가를 협박하는 이 목소리, 올해 상반기 금감원에 무려 12번 신고 접수된 보이스피싱범입니다.금감원이 공개한 상습 보이스피싱 사기범 12명의 목소리를 통해 이들의 주된 수법을 살펴보겠습니다.보이스피싱범들은 주로 검찰 혹은 수사관을 사칭하며 전화를 겁니다.[상습 보이스피싱범 B : 연락 드린 곳은 대검찰청의 이정현 사무관이라고 합니다.][상습 보이스피싱범 C : 서울중앙지검이고요. 저희 쪽에서 발부해드린 공문장 혹시 못 받으셨어요?]이후 마치 실제 수사를 담당하고 있는 것처럼 구체적인 사건 내용과 전문용어를 언급하고,[상습 보이스피싱범 D : 사건 현장에서 본인 명의로 된 증거물이 발견됐기 때문에, 출석 요구서를 받으시고 48시간 이내로 서울중앙지검으로 오셔도 되시고요.]수상함을 감지한 피해자에게는 소환장을 발부하겠다며 으름장을 놓습니다.[상습 보이스피싱범 E : 수사 안 하실 거면 제가 소환장을 발부받도록 하겠습니다. 아니 싸가지가 없네. 이 XX가. 소환장 발부하겠습니다.]의심하는 피해자들에게 본인들은 개인정보를 요구하지 않는다고 안심시키며 보이스피싱이 아니라고 항변하기도 합니다.[상습 보이스피싱범 F : 저희 사법기관에서는 유선상으로 본인이 계좌번호, 주민등록번호 같은 것을 절대 말씀하시면 안 됩니다. 아무리 사법기관이라고 본인의 개인 정보에 대해 여쭤볼 권한 없습니다.]이때, 고립된 장소로 유도해 주변의 간섭이나 도움을 차단하는 것도 사기범들이 자주 사용하는 방법입니다.[상습 보이스피싱범 F : 혹시 주의하실 점은 녹취하는 과정에서 만 19세 이상, 제3자의 목소리나 소음이 들리면 증거 자료 채택이 어렵다 보니깐요. 최대한 조용한 공간에서 녹취 부탁드리겠는데…]보이스피싱을 의심한 피해자가 검사 신분증을 보여달라거나 요구에 응하지 않자 욕설을 퍼붓는 사기범도 있습니다.[상습 보이스피싱범 G : 아니 성함이 어떻게 되시냐고요. (아니 말씀드렸잖아요.) 뭐라고요? 야 이 XX놈아 XXX뒤지고 싶어 XXX. (아니 검사님이 이렇게 욕을 하셔도 됩니까?)]이렇게 금감원이 실제 목소리를 공개하고 주된 수법을 공유한 건 여전히 빈번하게 발생하는 보이스피싱에 대한 경각심을 높이고 피해를 예방하기 위해섭니다.[김선하 / 금융감독원 금융사기 전담 대응단 선임 조사역 : 사기범의 목소리와 보이스피싱에 이용된 전화번호를 신고하면 해당 번호의 이용을 중지시켜 추가 범죄 시도를 미연에 방지하고, 경찰 검찰 등 수사기관에 자료 제공해서 범죄 입증하는 등….]금감원은 보이스피싱으로 의심되는 전화를 받으면 일단 끊고, 확인하는 습관을 꼭 가져달라고 거듭 당부했습니다.YTN 엄윤주입니다.※ '당신의 제보가 뉴스가 됩니다'[카카오톡] YTN 검색해 채널 추가[전화] 02-398-8585[메일] social@ytn.co.kr","7","126",NULL
"92","1388","연합뉴스TV","강은나래 기자","국세청장 비주거용 부동산 시가 과세 대상 넓혀야","2023-10-10 23:27:01","2023-10-10 23:27:01","김창기 국세청장이 빌딩·토지 등 비주거용 부동산 상속·증여세 부과와 관련해 시가 과세를 확대하겠다는 뜻을 내비쳤습니다.김 청장은 오늘(10일) 국회 기획재정위원회 국정감사에서 비주거용 부동산 시가 과세 방침 보완 필요성을 묻는 말에 객관적 기준을 정해 대외에 공개하고 예산을 더 확보해 대상자를 넓혀야 할 것이라고 말했습니다.역대급 세수 결손 사태에는 세수 여건이 많이 어려운 상황이나, 집행에 최선을 다할 것이라고 답했습니다.또 일부 언론사와 학원가를 상대로 한 세무조사가 표적 조사라는 의혹에 대해서는 모든 세무조사는 법이 정한 요건과 절차에 따른다며 일축했습니다.강은나래 기자 (rae@yna.co.kr)#국세청 #김창기 #기획재정위원회 #국정감사연합뉴스TV 기사문의 및 제보 : 카톡/라인 jebo23","6","127",NULL
"71","1367","더팩트","장혜승 기자","[속보] 강서구청장 민주당 진교훈 당선 유력","2023-10-11 23:49:02","2023-10-11 23:49:02","10·11 서울 강서구청장 보궐선거 개표율이 70%를 넘은 가운데 진교훈 더불어민주당 후보가 김태우 국민의힘 후보를 큰 표 차이로 앞서고 있어 당선이 유력하다.중앙선거관리위원회에 따르면 11일 오후 11시 45분 현재 진교훈 민주당 후보가 10만3129표(59.4%)를 득표해 김태우 국민의힘 후보(6만3610표, 36.64%)를 22.76%포인트 차이로 앞서고 있다. 개표율은 71.57%를 기록 중이다.이번 선거에는 강서구 전체 유권자 50만603명 중 24만3658명(투표율 48.7%)이 투표에 참여했다. 12만1829표가 과반 기준이다.▶카카오톡: '더팩트제보' 검색▶이메일: jebo@tf.co.kr▶뉴스 홈페이지: http://talk.tf.co.kr/bbs/report/write","7","109",NULL
"138","1551","전자신문","김동성 기자","화성시, '2023 정조효문화제·정조대왕능행차' 개최","2023-10-08 23:35:01","2023-10-08 23:35:01","경기 화성시는 지난 7~8일까지 새로 개장한 정조효공원에서 '2023 정조효문화제·정조대왕능행차'를 개최한다.이번 행사는 시민 250여 명이 함께 사도세자의 능을 이장하는 퍼포먼스인 현륭원 천원을 재현해 장엄한 장면을 연출해 관람객들의 많은 호응과 관심을 끌었다. 정조대왕 능행차 화성구간에는 새롭게 도입된 퍼레이드카가 행렬단과 함께하여 시민들의 높은 관심을 끌어냈다.또 올해는 현륭원 천원의 야간 이동 고증에 따라 정조효문화제 최초로 야간 행사가 진행됐다.야간 행렬을 위한 300여 개 촉롱과 고증 재현을 위한 대여(大輿) 제작 등 화성으로 아버지의 묘소를 옮기는 기쁨을 함께 느껴보는 시간을 재현했다.특히 이날 창덕궁에서 출발한 '을묘원행정리의궤'를 재현한 정조대왕 능행차 행렬이 화성 융릉에 도착하며 산릉제례 어가행렬, 현륭원 제향 등으로 축제의 대미를 장식한다.능행차 화성 구간은 기존 대로변으로 통과하던 행렬을 안녕동과 화산동을 통과하는 행렬로 변경해 백성과 가까이 하고자 했던 정조의 마음을 표현했다는 평가를 받았다.정명근 시장은 “늦은 시간까지 이어진 행사에 시민들이 끝까지 참여해주셔서 행사가 더욱 빛날 수 있었다”며 “앞으로도 정조효문화제를 시민들이 중심이 되는 화성시 대표 축제로 발전시켜 나가겠다”고 말했다.","7","156",NULL
"25","1321","세계일보","김현주 기자","남편 숨지고 아내 중상…“외부 침입 흔적 없고 부부 단둘이 거주”","2023-10-14 23:02:02","2023-10-14 23:02:02","주택에서 70대 남편이 숨지고 아내가 중상을 입은 채 발견돼 경찰이 수사에 나섰다.     14일 경찰에 따르면 이날 오전 7시 25분께 주택에서 70대 A씨 부부의 아들이 부모님 집에 왔는데 문이 닫혀 있고 전화도 받지 않는다며 119에 신고했다.     소방당국의 공동 대응 요청을 받은 경찰이 현장에 도착했을 당시 주택 2층 집 방 안에는 A씨가 숨져 있는 상태였다.     그의 옆에서는 70대 아내 B씨가 크게 다친 채로 발견돼 병원으로 옮겨져 치료받고 있다. B씨는 생명에 지장이 없는 것으로 전해졌다.     경찰은 외부 침입 흔적이 없고 부부 단둘이 거주 중인 점으로 미뤄 B씨가 A씨를 살해했을 가능성이 큰 것으로 보고 구체적인 경위를 조사하고 있다.     또 A씨의 정확한 사망 원인을 파악하기 위해 국립과학수사연구원에 시신 부검을 의뢰할 방침이다.     경찰 관계자는 인근 폐쇄회로(CC)TV 등을 토대로 볼 때 범행 시점은 오전 5시 20분께로 추정되나 B씨와 유족들을 상대로 경위를 조사해야 한다며 B씨가 회복하는 대로 살인 혐의로 조사할 방침이라고 말했다.","7","67",NULL
"99","1395","연합뉴스","한혜원 기자","尹정부 R&D 예산 삭감에 與 카르텔 혁파 野 우수사업도 깎여(종합)","2023-10-10 23:12:53","2023-10-10 23:13:07","(서울=연합뉴스) 한혜원 기자 = 여야는 10일 국회 산업통상자원중소벤처기업위원회의 산업통상자원부 국정감사에서 연구개발(R&D) 예산 삭감 문제를 놓고 찬반 설전을 펼쳤다.    국민의힘은 내년도 국가예산안에서 R&D 예산이 축소된 것은 전임 문재인 정부의 비효율적인 예상 운영이 원인을 제공한 것이라고 비판했다.     반면 더불어민주당은 R&D 예산 감축 기조가 윤석열 정부 국정과제와도 배치된다고 지적했다.    국민의힘 이철규 의원은 지난 몇 년간 R&D 예산이 새로운 기술이 아니라 한계기업을 살리고, 기업 설비를 개선하는 데 쓰였다며 공정하고 정당한 보상체계로 얻어지는 권리가 아니라 브로커까지 등장하는 카르텔은 혁파돼야 한다고 지적했다.    방문규 산업부 장관도 국내뿐 아니라 경제협력개발기구(OECD)에서도 R&D 예산 혁신성이 부족하다는 지적이 있었다며 세금이기 때문에 좀 더 효율적이고 효과적으로 쓰일 수 있도록 R&D 예산을 재구조화할 것이라고 밝혔다.    반면 민주당 김경만 의원은 올해 5월 산업부가 진행한 연구개발사업 중간평가에서 '우수' 등급이 부여된 12개 사업 중 9개 사업의 예산이 오히려 감액됐다며 이렇게 기준 없이 제멋대로 삭감한다면 평가가 필요 없는 것 아닌가라고 꼬집었다.     이에 방 장관은 가급적 평가와 예산을 연계하는 게 바람직하지만, 전체 예산 그릇이 작아지면 불가피하게 작아지는 경우가 있다고 설명했다.     같은 당 박영순 의원은 지난 7월 산업부는 윤석열 정부 국정 목표인 '민간이 이끌고 정부가 미는 역동적 경제 구현'을 위해 '월드 클래스 플러스 프로젝트' 기업에 정책 지원을 확대한다고 발표했다며 그런데 윤 대통령의 '카르텔' 발언 이후 이 사업 예산이 기존보다 66.8% 삭감돼 정부안으로 확정됐다고 몰아붙였다.    박 의원은 신규 과제는 하지도 못하고 성과가 날 과제들도 물거품이 되게 생겼다며 일부 과제는 예산 삭감 때문에 학생연구원 인건비를 못 주고 있다고 지적했다.     방 장관은 보다 국민의 세금이 효율적으로 집행되게 하는 계기가 될 거라 생각한다며 인건비 감소에 따른 고용불안 문제는 없도록 협의해 나가겠다고 답했다. 국민의힘 한무경 의원은 지난 2017년 4월 문재인 전 대통령 며느리 장모씨가 입사한 '엔비져블'이라는 기업이 연구비 13억4천만원 규모의 산업부 R&D 과제에 선정된 뒤 연구비를 부정사용했다는 의혹을 제기했다.     한 의원은 당시 선정된 연구과제는 아동용 교구와 교육 콘텐츠 개발인데 정작 엔비져블의 사업은 이 연구과제와 관련이 없었다며 과제 선정 두 달 후 장씨는 과제와 관련 없는 논문 발표를 이유로 항공료와 숙박비를 지원받았다고 주장했다.     이어 한 의원은 연구비 환수 대상이 아닌가라고 지적했고, 방 장관은 산자부 산하 산업기술평가관리원에서 정확한 사실관계를 파악해 보고하겠다고 답변했다.    한 의원의 이같은 의혹 제기를 두고 야당 의원과 설전도 벌어졌다.     더불어민주당 김한정 의원은 오후 질의에서 문제가 된 연구프로젝트는 장씨가 입사하기도 전에 확정됐고 산업부가 박근혜 정부 때 착수한 과제라며 회사에 10명 이상의 교육 전문가가 팀으로 일을 하고 있다고 반박했다.     이에 한 의원은 저녁 질의에서 당시 사업계획서를 보면 참여 연구원 어디를 봐도 교육에 관련된 사람이 없다는 것을 다시 확인했다고 되받았다.     hye1@yna.co.kr","6","130",NULL
"54","1350","문화일보","임정환 기자","한은이 166억 번 방법은?…망가진 ‘이것’ 팔아","2023-10-13 22:52:01","2023-10-13 22:55:03","한국은행이 망가진 동전을 팔아 10년간 166억 원이 넘는 수익을 올린 것으로 나타났다. 한은은 평소 시중에서 동전을 환수한 뒤 훼손, 오염, 소손(불에 타서 부서짐) 등의 사유로 다시 통용하기 부적합하다고 판정한 주화를 폐기 주화로 분류한다. 이어 폐기 주화 중 일부를 비철금속 생산 전문 업체인 풍산에 판매하고 풍산은 니켈과 구리 합금 형태로 된 주화를 녹여 수출한다.13일 한은이 국회 기획재정위원회 소속 더불어민주당 서영교 의원에게 제출한 자료에 따르면 지난해 한은의 폐기 주화 매각 대금은 34억9000만 원으로 집계됐다. 연도별 폐기 주화 매각 대금은 2013년 5억6000만 원, 2014년 5억2000만 원, 2015년 5억 원, 2016년 5억7000만 원, 2017년 13억7000만 원, 2018년 4억7000만 원, 2019년 11억 원, 2020년 6억6000만 원 등이었다. 2021년에는 74억 원을 기록하기도 했다. 지난 10년 동안 총 166억4000만 원에 달한다.한편 시중의 동전 사용이 줄면서 발생보다 환수가 많은 상황이 지속되는 가운데 한은 금고에 쌓이는 동전량도 계속 증가하는 것으로 전해졌다. 이에 따라 폐기 주화 규모 자체도 매년 늘고 있다. 올해 상반기 폐기 주화로 분류된 동전만 3100만 개, 액면가로 42억 원에 달했다. 지난해에는 5600만 개, 82억 원이었다. 서 의원은 더 이상 사용되지 않는 동전을 매각하는 것은 자원 재활용 측면에서 의미가 있다며 금고에 쌓인 폐기 주화 재활용이나 은행 수익을 고려한 적절한 화폐 관리가 필요하다고 말했다.","6","93",NULL
"57","1353","연합뉴스","김동현 기자","美, 삼성·SK 中공장 美반도체장비 반입허용 규정 관보에 게재","2023-10-13 22:38:14","2023-10-13 22:39:07","(워싱턴=연합뉴스) 김동현 특파원 = 미국 정부가 삼성전자와 SK하이닉스의 중국 현지 공장에 대한 미국산 반도체 장비 반입 규제 유예 방침을 최근 한국 정부에 통보한 데 이어 관보에도 관련 규정을 게재해 공식화했다.    미국 상무부 산업안보국(BIS)은 13일(현지시간) 관보에 삼성전자와 SK하이닉스의 중국 공장에 대한 '검증된 최종 사용자'(VEU) 규정을 개정한다고 고지했다.    VEU는 미국 정부가 사전에 승인된 기업에만 지정된 품목에 대해 수출을 허용하는 일종의 포괄적 허가 방식으로 이날 공개된 규정은 미국 기업이 삼성전자와 SK하이닉스의 중국 공장에 수출할 수 있는 반도체장비 목록을 업데이트했다.      앞서 미국 정부는 중국의 반도체 산업 발전을 견제하기 위해 작년 10월 7일 미국 기업이 중국에 일정 기술 수준 이상의 반도체를 생산하는 데 필요한 반도체장비를 수출하는 것을 사실상 금지하는 수출통제를 발표했다.    당시 미국 정부는 삼성전자와 SK 하이닉스에 대해선 장비 수출 심사대상에서 1년간 한시적으로 예외를 인정한 데 이어 이번에 관련 규정을 고쳐 제도적인 해법을 마련했다.     bluekey@yna.co.kr","9","90",NULL
"60","1356","YTN","오인석 기자","9월 취업자 30만 9천 명↑...청년·제조업은 감소","2023-10-13 22:23:35","2023-10-13 22:27:01","[앵커]지난달 취업자 증가 수가 석 달 만에 30만 명대를 회복했습니다.고용개선 흐름이 지속 되고 있는 모습인데, 청년층과 제조업은 감소세가 이어졌습니다.보도에 오인석 기자 입니다.[기자]7월과 8월 20만 명대였던 취업자 수 증가가 지난달에는 30만 9천 명을 기록하며 3개월 만에 30만 명대로 올라섰습니다.돌봄수요 확대와 외부활동이 늘며 보건·복지업과 전문과학서비스업, 숙박·음식업 취업자가 증가했습니다.건설업도 10개월 만에 증가세로 돌아섰습니다.반면 제조업 취업자는 7만 2천 명이 줄며 5개월 만에 가장 큰 폭으로 감소했습니다.9개월 연속으로 줄어든 건데, 제조업 생산과 수출 회복세가 아직 충분하지 않은 것으로 분석됩니다.[서운주 / 통계청 사회통계국장 : (제조업)계속 감소 추세를 이어가고 있는 상황이고요. 9월에는 감소 폭이 확대되기도 했는데 이 영향은 전자부품 제조 쪽에서 감소 폭이 확대된 영향이 있었습니다.]연령대별로는 고령층 중심 취업자는 늘고, 청년층은 감소하는 흐름이 이어졌습니다.60세 이상 취업자는 35만 4천 명 증가한 반면, 20대는 8만 6천 명, 40대는 5만 8천 명 감소했습니다.특히 15∼29세 청년층은 8만 9천 명 줄며 11개월째 감소세가 이어졌습니다.15세 이상 전체 고용률은 63.2%로 월간 통계작성 이후 9월 기준으로 가장 높았습니다.정부는 방한 관광객이 늘면서 숙박·음식업 등을 중심으로 취업자 증가세가 이어질 것으로 전망하면서도 유가 변동 폭 확대와 고금리 장기화 등 대외 불확실성은 하방 요인으로 작용하고 있다고 설명했습니다.YTN 오인석입니다.촬영기자:정철우영상편집:김희정그래픽:박유동※ '당신의 제보가 뉴스가 됩니다'[카카오톡] YTN 검색해 채널 추가[전화] 02-398-8585[메일] social@ytn.co.kr","6","99",NULL
"65","1361","국민일보","강희청 기자","경기신보, ‘도민에 꿈·성공을, 직원에 자긍심·비전을’","2023-10-11 23:55:04","2023-10-11 23:55:04","경기신용보증재단은 11일 ‘2030 비전 선포 및 이지원(Easy One) 오픈 행사(비전선포식)’를 가졌다고 밝혔다.급변하는 대내외 환경변화에 적극 대응하고자 ‘도민에게는 꿈과 성공을, 직원에게는 자긍심과 비전을’ 이뤄주는 금융서비스 기관으로의 대변신을 도모하는 차원이라는 게 경기신보의 설명이다.이에 따라 이번 비전선포식은 도민중심 금융서비스 기관으로의 전환을 도모하고 있는 경기신보의 신규 경영전략을 도민, 임직원이 함께 공유하며, 신규 비전 ‘변화의 중심, 기회의 경기를 선도하는 도민의 비즈니스 성공 파트너’ 실현을 다짐하고자 마련됐다.시석중 경기신보 이사장은 직접 강연대에 올라 비전 2030 경영전략을 도민에게 설명했다.이에 따르면 경기신보는 도민중심, 현장중심, 기회와 성공이라는 경영철학에 따라 컨설팅 중심의 맞춤 보증 강화, 위기 극복을 위한 보증재원 선제적 확충, 도민중심의 지역보증체계 구축이라는 정책기본방향을 수립, 이를 바탕으로 경기신보는 미래성장, 위기극복, 민생안정, 내부혁신이라는 4대 추진전략과 16대 실행과제를 설정, 체계적으로 추진해 나갈 예정이다.경기신보는 이러한 경영전략 추진역량을 강화해 민선8기 경기도정 이행과 고객성장을 위한 종합지원체계 구축을 위해 최근 조직개편을 단행했다. 부서별 역할 재정립을 통한 본점 부서 재편, 동부영업본부 신설 등을 통해 현장중심 마케팅 집중조직을 운영함으로써 도민중심의 정책금융서비스 지원 역량을 제고해 나갈 계획이다.시석중 이사장은 “경기신보는 앞으로도 지역경제 안정과 성장을 위해 신속하고 실효성 있는 정책지원에 만전을 기할 것”이라며 “도민이 꿈과 성공을 이룰 수 있는 지역경제 조성을 위해 더 많은, 더 고른, 더 나은 기회 창출에 노력하겠다”고 말했다.","6","105",NULL
"67","1363","KBS","정면구 기자","태풍에 범람 소하천 정비 난망…“예산 부족”","2023-10-11 23:54:00","2023-10-12 00:23:32","[KBS 강릉] [앵커] 지난 8월 태풍 카눈으로 고성군은 특별재난지역으로 선포될 정도로 심각한 피해를 입었는데요, 특히 소하천이 범람하면서, 인근 농경지 등이 대거 유실되거나 침수됐습니다. 이 때문에 이런 소하천 정비가 시급하지만 국비 확보가 쉽지 않아, 언제든 위험이 재발할 상황에 놓여있습니다. 정면구 기자가 보도합니다. [리포트] 농경지를 가로지르는  폭 10미터 안팎의 소하천입니다. 지난 8월 태풍 카눈으로 범람하면서,  인근 농경지 46만 제곱미터가  침수되거나 유실됐습니다. 지난해 이후  벌써 3번째 범람입니다. [오용중/농민  :  개울이 워낙 (폭이) 좁다 보니까 물이 금방 넘쳐요.  태풍이나 많은 비가 갑작스레 오면 (빗물이) 빠지질 못해서 (범람하죠.)] 특히 이 소하천은 2008년 종합정비계획 수립 이전에 조성돼,  시간당 50밀리미터가 넘는 호우를  견딜 수 없습니다. 이렇게 반복되는 피해를 예방하려면,  일단 하천 폭을 넓혀야 합니다. 또, 교량 같은 하천 시설물도  정비해야 합니다.  문제는 35억 원에 이르는 정비 예산입니다. 태풍 이후 정부 조사에서 주변 농경지 침수는 피해로 인정됐지만,  침수 원인인 소하천은 제외됐습니다. 교량이나 제방 유실 같은 직접적인 소하천 피해가 없었기 때문에, 국비 지원을 받기 어려워진 겁니다. [김상준/고성군 안전교통과장  :  (소하천 때문에) 매년 상습적인 침수가 일어나니까 이번 기회에 중앙 부처 차원에서 한번 지원해 줄 수 있는 방안이 없는지….] 이렇게 범람하는 소하천이  고성군에만 10여 곳에 이릅니다. 마찬가지로 예산 문제로 그대로 방치되고 있어,  추가 피해가 우려됩니다. 고성군은 열악한 자치단체 재정 여건상  국비 지원이 필수적이라며,  행정안전부에 건의할 예정입니다.   [함명준/고성군수  :  이런 부분들은 좀 빨리 정부에서 어떤 자금 지원이 돼서 (소하천) 개선 복구가 되지 않으면, 이것(범람)이 연례 반복적으로 계속 이뤄진다….] 특히 바다와 인접한  소하천이 많은 동해안 특성상,  호우 시기와 만조가 겹칠 경우  비슷한 피해가 되풀이되고 있어,  장기적 대책 마련이 시급합니다. KBS 뉴스 정면구입니다. 촬영기자:김중용","4","107",NULL
"84","1380","프레시안","이대희 기자","IMF, 韓 내년 성장률도 하향조정…올해 日이 韓 추월","2023-10-10 23:40:00","2023-10-10 23:40:00","국제통화기금(IMF)이 내년도 한국 경제 성장률 전망치를 낮췄다. 올해 성장률은 일본이 한국보다 높을 것으로 내다봤다. 10일 기획재정부에 따르면 IMF는 이번에 발표한 10월 세계경제전망 보고서에서 한국의 내년도 성장률 전망치를 종전 7월 발표 당시 2.4%에서 2.2%로 0.2%포인트 하향조정했다. 지난 4월 발표 당시 IMF는 한국의 올해 성장률 전망치를 종전 1.5%에서 1.4%로 하향 조정한 바 있다. 이어 이번에는 내년도 성장률 전망치까지 내려 잡았다. 한국에 관해 IMF는 높은 근원물가 상승률로 인해 물가안정목표 달성에 상당 시간이 소요될 것으로 전망했다. IMF는 대부분 국가가 물가안정목표를 달성하는 시기로 2025년을 전망했다. 즉 내년에도 상당 기간 고물가-고금리 시대가 이어질 공산이 크다는 것으로 해석된다. 유로존의 내년도 성장률 전망치도 하향조정됐다. IMF는 독일의 내년 성장률 전망치를 종전 1.3%에서 0.9%로 크게 내렸다. 이탈리아는 0.9%에서 0.7%로 낮춰잡았고 스페인은 2.0%에서 1.7%로 하향조정했다. 이에 따라 유로존의 내년도 성장률 전망치도 종전 1.5%에서 1.2%로 내려갔다. 이번 IMF 전망 보고서에서 주요 선진국 중 성장률 전망치가 올라간 나라는 미국이었다. 종전 1.0%에서 1.5%로 상향조정됐다. 현재 '나홀로 호황'을 구가하는 미국 경제 상황이 반영된 결과로 풀이된다. 캐나다도 종전 1.4%에서 1.6%로 상향조정됐다. 일본의 내년 성장률 전망치는 기존 발표와 동일하게 1.0%를 유지했다. 중국의 내년도 성장률 전망치는 종전 4.5%에서 4.2%로 하향조정됐다. 러시아 성장률 전망치 역시 1.3%에서 1.1%로 내려갔다. IMF는 이 같은 결과를 바탕으로 내년도 세계 경제 성장률 전망치를 종전 3.0%에서 2.9%로 하향조정했다. 한편 IMF는 한국의 올해 성장률 전망치는 7월 전망치와 동일하게 1.4%를 유지했다. 반면 일본의 올해 성장률 전망치는 종전 1.4%에서 2.0%로 크게 올려잡았다. 올해 일본 경제 반등 내역이 반영됐다. 일본의 성장률 전망치 상향 폭(0.6%포인트)은 주요 선진국 중 가장 컸다. 미국 경제는 올해 2.1% 성장할 것으로 IMF는 전망했다. 종전 전망치(1.8%)보다 0.3%포인트 올려잡았다. 영국 전망치는 종전 0.4%에서 0.5%로 소폭 상향조정됐다. IMF는 각국에 섣부른 통화정책 완화를 지양하고 긴축기조 유지를 요청했다.","6","111",NULL
"72","1368","세계일보","김현주 기자","월급보다 많이 받는 ‘실업급여’, 재취업 의지 떨어뜨린다","2023-10-11 23:42:03","2023-10-11 23:42:03","현행 실업급여 제도가 오히려 실업자의 재취업 의지를 떨어트리고 있으며, 재정 건전성 측면에서도 문제가 있다는 지적이 제기됐다.     한국경영자총협회(경총)는 11일 발표한 '우리나라 실업급여 제도 문제점과 개선방안' 보고서에서 이같이 주장하고 실업급여 제도의 지속가능성을 확보하기 위한 조처가 필요하다고 밝혔다.     연합뉴스에 따르면 경총은 최근 수년간 최저임금의 급격한 인상에 따라 최저임금에 연동된 구직급여 하한액이 급격히 올라 근로 의욕을 저해하고 있다고 밝혔다.     실직자 구직급여액은 올해 기준 최소 월 185만원으로, 최저임금(201만원)의 92% 수준이다. 실수령액(세후) 기준으로는 오히려 일을 하면서 받는 최저임금보다 높은 역전 현상이 나타난다고 경총은 지적했다.     경총은 또 구직급여를 받기 위해 충족해야 하는 최소 요건인 실직 기준기간(18개월)과 기여기간(고용보험 가입기간·180일)이 너무 짧아 구직급여를 반복적으로 받기 쉬운 점이 제도의 부작용을 심화하고 있다고 밝혔다.     경제협력개발기구(OECD) 주요국인 일본과 독일은 기준기간을 24개월, 기여기간을 12개월로 둔 데 비해 한국은 기준이 지나치게 짧다는 것이다.     경총은 이렇게 반복적으로 구직급여를 받는 데 대한 제재가 부족하고, 실업급여 수급 자격 인정률이 99.6%에 달하는 점도 문제로 짚었다.     경총은 나아가 육아휴직 급여 등 모성보호급여의 대부분(작년 기준 84.7%)이 실업자의 생활 안정과 구직활동 촉진을 위해 노사가 조성한 고용보험기금(실업급여 계정)에서 지출되고 있다고 지적했다. 사업 취지와 맞지 않는다는 주장이다.     경총은 근로자의 생활 안정과 구직활동 촉진이라는 본연의 목적에 맞도록 실업급여 제도를 운용하고 기금재정 건전성 강화 등을 통해 제도를 개편해 나갈 필요가 있다고 밝혔다.     경총은 이를 위해 구직급여 하한액을 폐지하고, 구직급여액은 평균임금의 60%인 현행 기준을 준용하는 한편, 기준기간은 18개월에서 24개월로, 기여기간은 180일에서 12개월로 각각 연장하는 방안을 제안했다.     또 반복 수급자에 대해 구직급여를 감액 적용하고 재정 부담을 줄 수 있는 조기재취업수당 제도의 폐지·축소도 검토해야 한다고 주장했다.     경총 임영태 고용·사회정책본부장은 실업급여 제도를 지나치게 관대하게 운용하면서 곳곳에서 도덕적 해이가 발생하고 있다며 특히 일하는 사람이 실업자보다 더 적게 받는 기형적이고 불공정한 구직급여 제도를 조속히 개선해야 한다고 말했다.","6","113",NULL
"79","1375","연합뉴스","조다운 기자","한동훈 검찰이 야당 대표 구속한다는데 저 정도 자신도 없겠나(종합)","2023-10-11 23:29:56","2023-10-11 23:30:10","(서울=연합뉴스) 이보배 조다운 기자 = 한동훈 법무부 장관은 11일 더불어민주당 이재명 대표의 혐의를 확정적으로 발언했다는 지적에 대해 검찰이 야당 대표를 구속하겠단 취지인데 저 정도 자신도 없어서 되겠느냐고 반박했다.    한 장관은 이날 국회 법제사법위원회의 법무부 국정감사에서, 지난달 21일 국회에서 이 대표에 대한 체포동의안을 설명할 당시 유죄가 확정된 것처럼 말했다는 민주당 박범계 의원의 말에 검찰 입장을 대신 말씀드리는 것이라며 이같이 답했다.    한 장관의 자세한 설명이 국회법 취지를 넘어섰단 지적에 대해선 국회의원을 구속하는지 여부를 결정하는데 왜 설명을 안 듣고 결정하려고 하느냐고 맞받았다.    그러면서 구체적인 증거와 혐의 내용이 뭐고, 검찰이 어떤 입장을 가졌는지 잘 들어야 하지 않겠느냐며 오히려 그것을 끝까지 못 하게 방해한 것에 대해서 (민주당이) 사과해야 한다고 비판했다.    또 자신이 피의사실 공표를 했다는 민주당 주장에 대해서도 제가 수사를 지휘·감독하는 건 아니기 때문에 (피의사실 공표의 주체가 되는) 그 자체가 어렵다고 생각한다며 피의사실 공표란 말을 많이 쓰는데 기소된 적이 단 한 번도 없는 범죄 혐의라고 말했다.    이 대표 구속영장이 기각됐다고 곧 무죄를 의미하는 것은 아니라고도 강조했다.    한 장관은 구속영장이란 것은 아주 짧은 시간에 수만페이지를 한명이 보는, 아주 재량이 많은 영역이라며 유창훈 판사도 얘기했다시피 위증죄는 인정된단 취지였지만, 그래도 (영장을) 기각할 수 있는 무제한의 재량이 인정되는 영역이라고 말했다.    이어 야권 인사인 김경수 전 경남도지사, 안희정 전 충남도지사, 오거돈 전 부산시장, 김은경 전 환경부 장관을 거론하며 다 영장이 기각됐었지만 실제로 중형을 받고 수감됐다는 점을 말씀드린다고 했다.    한 장관은 제가 (체포동의안 설명 당시) 판단하고, 검찰로부터 제공받은 자료에 따르면 충분히 그렇게 말할 만한 근거가 있었다며 수사 단계이기 때문에 당연히 확정한 건 아니지만 곧 검찰이 (이 대표를) 기소하거나 판단할 것이니까 재판에서 드러날 것이라고 밝혔다.    한편 한 장관은 범죄 정보를 수집하는 대검찰청 범죄정보기획관을 부활시켜 검찰 개혁의 국민적 합의를 거스르고 있다는 민주당 김영배 의원 지적에 대해 범죄 정보를 수집하지 말라는 국민적 합의는 없다고 맞받았다.    bobae@yna.co.kr","7","118",NULL
"82","1378","YTN","류환홍 기자","과방위 국감...인터넷언론 심의는 위법 vs 법률검토 거쳐","2023-10-10 23:43:20","2023-10-10 23:47:02","[앵커]방송통신위원회와 방송통신심의위원회 등을 대상으로 한 국회 과학기술정보방송통신위원회 국감에선 정부의 가짜뉴스 심의에 대한 야당 측 공세가 뜨거웠습니다.특히 뉴스파타와 같은 인터넷 언론의 콘텐츠에 대해 심의를 하는 것이 과연 적법한가를 두고 공방이 펼쳐졌습니다.류환홍 기자가 보도합니다.[기자]뉴스타파의 김만배 인터뷰 이후 가짜뉴스 근절을 위해 총력을 기울이고 있는 방송통신위원회와 방송통신심의위원회 등을 상대로 펼쳐진 국회 국정감사.야당은 인터넷 언론사 콘텐츠까지 방송통신심의위가 통신심의를 하기로 한 것을 두고 공세를 퍼부었습니다.고민정 의원은 9월 이전까지 인터넷 언론사에 대해 통신심의를 한 적이 없다며 외압설을 주장했고 류희림 방심위원장은 법률검토를 거쳤다며 외압설을 부인했습니다.[고민정 / 더불어민주당 의원 : 조금 전에 위원장께서 통신심의 대상에 해당되느냐, 해당되지 않는다에 동의하셨잖아요?][류희림 / 방송통신심의위원장 : 1차적으로 그렇게 생각했는데.][고민정 / 더불어민주당 의원 : 지금은 마음이 바뀌셨어요?][류희림 / 방송통신심의위원장 : 예. 2차적으로 다른 변호사의 의견이 그렇게 나왔기 때문에 적극적으로 해석한 겁니다.][고민정 / 더불어민주당 의원 : 이동관 (방송통신)위원장이 그렇게 하라고 하셨나요?][류희림 / 방송통신심의위원장 : 민간 독립기구에 그런 말씀은 부적절한 것 같고요.]반면 여당은 포털이 뉴스제휴평가위원회 심사를 거쳐 제휴 언론사를 선정하는 과정에 대해 의혹을 제기했습니다.뉴스타파가 심사를 통과한 과정이 의심스럽다는 겁니다.[윤두현 / 국민의힘 의원 : 2018년도에 뉴스타파가 제휴사 선정이 되는 과정이 석연치 않다…. 뉴스타파가 됐는데 왜 우리가 안 됐느냐?라고 얘기하는 언론사가 많습니다.]이동관 방송통신위원장은 포털이 사회적 책임을 지지 않고 있다며 보완 입법이 필요하다고 주장했습니다.[이동관 / 방송통신위원장 : 주요한 뉴스를 접하는 국민들의 수단인데 그에 비해 전혀 사회적 책임을 지지 않도록 돼 있는 이 구조는 바꿔야 되기 때문에….]더불어민주당 정필모 의원은 언론보도에 대해 가짜뉴스냐 아니냐를 놓고 방통위나 방심위가 행정처분을 하겠다는 것은 위헌이라며 두 기관은 월권적 행위에 대해 책임을 져야 한다고 비판했습니다.YTN 류환홍입니다.※ '당신의 제보가 뉴스가 됩니다'[카카오톡] YTN 검색해 채널 추가[전화] 02-398-8585[메일] social@ytn.co.kr","9","121",NULL
"88","1384","YTN","윤해리 기자","'주차장 붕괴' 검단 아파트에 미인증 순환골재 사용돼","2023-10-10 23:31:21","2023-10-10 23:37:01","지난 4월 지하주차장이 붕괴한 인천 검단 아파트에 레미콘 원자재로 인증받지 않은 재사용 순환 골재가 사용된 것으로 드러났습니다. 국회 더불어민주당 허종식 의원이 한국토지주택공사로부터 받은 인천 검단 아파트 정밀 안전진단 결과 보고서를 보면, 레미콘 원자재로 사용된 골재에 순환 골재로 추정되는 골재 또는 일부 풍화암이 사용된 것으로 확인됐다고 적혀 있습니다. 또 표면 분석 결과 콘크리트 내부에 20mm 이상의 구멍과 빈틈이 눈으로도 확인됐고, 주거 동 내벽 콘크리트 강도가 저층부는 기준치의 80.3%, 고층부는 82% 수준에 그쳤습니다.또 구조 안정성 평가에서 붕괴사고가 발생한 지하 주차장은 안전 문제로 당장 사용을 멈춰야 하는 E등급을, 1블록 주거 동 7개 동 가운데 3개 동은 긴급 보강 공사가 필요한 D등급을 받은 것으로 확인됐습니다. 허종식 의원은 골재 품질 부실 문제까지 확인됐다며 관급자재 관리 부재에 대해 시공사인 GS건설과 발주처인 LH가 책임져야 한다고 지적했습니다.※ '당신의 제보가 뉴스가 됩니다'[카카오톡] YTN 검색해 채널 추가[전화] 02-398-8585[메일] social@ytn.co.kr","2","123",NULL
"98","1394","연합뉴스TV","박효정 기자","양평고속도로 경제성 공방…방탄용 조작 정쟁 그만","2023-10-10 23:13:01","2023-10-10 23:13:01","[앵커]국토교통부 국감에서는 서울 양평고속도로 종점 변경 논란이 쟁점이었습니다. 야당은 경제성 분석 결과가 조작됐다고 주장했고, 여당은 정쟁용 공세라며 지난 정부의 부동산 통계 조작 의혹을 앞세워 맞불을 놨습니다.박효정 기자가 보도합니다.[기자]국감을 닷새 앞두고 국토부가 공개한 양평고속도로 경제성 분석 결과를 두고 더불어민주당은 엉터리 조사라고 비판했습니다.종점을 양서면에서 강상면으로 바꿨을때 차량 통행 6,000여대가 늘어난다는 분석은 상식적이지 않다며, 방탄 국감용 비용 대비 편익, 즉 B/C 분석이라고 비판했습니다.<이소영/더불어민주당 국회의원> 양서면 종점일때 고속도로를 안타던 6천대 차량이 고작 4분거리로 종점을 옮긴다고 해서, 갑자기 이 고속도로를 타게된다. 이게 납득이 가능한 이야기라고 생각하시나요?양평고속도로 관련 질의가 계속 이어지자 원희룡 장관은 노선을 부당하게 변경했다는 팩트가 나오면 모든 책임을 지겠다고 답했습니다. <원희룡/국토교통부 장관> 국토부 장관 또는 지휘하에 있는 간부가 관여해서 부당하게 (종점을) 변경했거나 외압을 가했거나 부정하게 결탁한 팩트가 나온다면 저희가 책임을 질것입니다.여당 의원들은 최근 감사원 조사로 드러난 문재인 정부의 부동산 통계 조작 의혹으로 맞대응에 나섰습니다. 국민의힘 유경준 의원은 부동산 통계 조작으로 전국 51개 재건축 단지 조합원이 부담금 약 1조원을 추가로 납부하게 됐다고 주장했습니다.<유경준/국민의힘 의원> 전국 51개 재건축 단지 합해보면 두개 차이가 1조원이 나는 상태고,한 사람당 해보면 8천 5백만원입니다. 재건축 부담금 산정에 사용된 통계가 조작됐으면 부담금 산정을 다시 해야 할텐데….야당은 원 장관의 답변 태도도 문제 삼았습니다. 더불어민주당 한준호 의원은 장관의 답변 태도가 불성실하고 목소리가 작다고 질타했고, 원 장관은 허리가 불편해서라고 해명하기도 했습니다.연합뉴스TV 박효정입니다. (bako@yna.co.kr)#국토부_국감 #양평고속도로연합뉴스TV 기사문의 및 제보 : 카톡/라인 jebo23","3","129",NULL
"141","1554","이데일리","이준혁 기자","휴게소 주차장서 술판 벌이는 이 등산객들 어쩌나","2023-10-08 23:24:01","2023-10-08 23:24:01","[이데일리 이준혁 기자] 가을철 고속도로 휴게소에서 술판을 벌이는 단체 관광객들이 늘어나면서 시민들의 눈살을 찌푸리게 하고 있다.8일 오전 8시 30분쯤 경남 김해시 남해고속도로를 지나다 생수를 사기 위해 한 휴게소에 들렀다는 운전자 A씨 일행은 눈앞에 펼쳐진 광경에 당황했다. 주차장에 세워진 관광버스 옆에는 간이 테이블 서너 개를 펼쳐 놓고 20명쯤 되는 등산객들이 술을 마시고 있었다.A씨는 “온 휴게소에 김치전과 수육, 무말랭이 냄새가 진동했다”며 “한 대뿐만이 아니라 휴게소에 있는 버스 수십 대의 등산객 무리가 상을 펴놓고 술판을 벌이더라”라고 말했다.그는 “가을이 되면 산악회가 많이 다니는 걸 알고는 있었지만, 코로나가 풀리면서 도가 심해진 느낌”이라고 지적했다.이어 “휴게소에 외국인들도 있었는데 그 모습을 보자니 부끄러웠다”며 “주차 칸 앞을 가로막고 앉아서 먹기도 하고, 주차장 차량 통행로를 막고 있어 불편했다”고 토로했다.휴게소에 따르면 주차장에서의 이런 광경은 가을철에 더 기승을 부린다. 휴게소 관계자는 “주차장에서 상을 펴놓고 취식하는 행위는 규정상 금지”라며 “계도 활동을 하고 있지만 너무 많아서 한계가 있다”고 한숨을 내쉬었다.이 관계자는 “술을 마시다 보니 싸움이 나는 경우도 있고 쓰레기를 막 버리고 가기도 한다”며 “주말에는 이렇게 버려지는 쓰레기가 특히 많고 요즘 같은 봄·가을철이나 축제 기간이면 부쩍 많아져 골치”라고 호소했다.","7","159",NULL
"144","1557","서울신문","이정수 기자","시어머니 명의로 8400만원 대출받은 며느리… 위조문서로 개통한 휴대전화 이용","2023-10-08 23:14:01","2023-10-08 23:14:01","시어머니 몰래 휴대전화를 개통한 뒤 8000여만원을 대출받아 빼돌린 며느리가 실형을 선고받았다.인천지법 형사18단독 김동희 판사는 사전자기록 등 위작, 사문서 위조, 위조사문서 행사 등 혐의로 재판에 넘겨진 A(38)씨에게 징역 1년 2개월을 선고했다고 8일 밝혔다.A씨는 지난해 11월 19일 인천 부평구의 한 휴대전화 매장에서 ‘선불 이동전화 가입신청서’를 위조 작성해 시어머니 B(65)씨 명의로 휴대전화를 개통한 혐의로 기소됐다.A씨는 이후 이 휴대전화 등을 이용해 금융기관 애플리케이션(앱)에서 B씨 명의로 대출을 신청, 지난해 11월 26일부터 같은 해 12월 5일까지 3차례에 걸쳐 대출금 총 8400만원을 송금받아 편취한 혐의도 받았다.A씨는 실업급여 신청을 돕는다며 B씨의 신분증을 촬영한 사진 등을 보관하고 있다가 범행에 이용한 것으로 파악됐다.김 판사는 “피고인이 잘못을 뉘우치며 반성하는 것으로 보인다”며 “B씨가 피고인의 처벌을 원하지 않고 있는 점은 유리한 정상”이라고 판시했다.다만 “이 사건 범행으로 인한 피해액이 8400만원에 이르고 피해 회복이 이뤄지지 않은 점은 불리한 정상”이라고 양형 이유를 밝혔다.","6","162",NULL
"148","1561","KBS","이유민 기자","경찰, 강서구청장 보궐선거 유세현장서 선거운동원에 행패부린 혐의로 40대 남성 현행범 체포","2023-10-08 23:04:27","2023-10-08 23:32:01","서울 강서구청장 보궐선거 유세 중, 40대 남성이 국민의힘 김태우 후보 측 선거운동원을 폭행한 혐의로 경찰에 붙잡혔습니다. 서울 강서경찰서는 오늘(8일) 40대 남성 A 씨를 공직선거법 위반 혐의로 현행범 체포해 조사하고 있다고 밝혔습니다. A 씨는 오늘 오후 1시 반쯤 서울 강서구 방화동 방신전통시장 인근에서 유세하고 있던 김 후보 측 선거운동원 2명에게 욕설을 하고 주먹을 휘두른 혐의를 받고 있습니다. 경찰은 어떤 남성이 행패를 부리며 선거 유세를 방해한다는 취지의 신고를 선거운동원으로부터 받고 출동해 A 씨를 현행범 체포했습니다. 김 후보 캠프 측은 A 씨가 선거운동원에게 욕설을 하고, 신고 있던 신발을 던지려 했다며 30분간 위협적인 행동을 했다고 전했습니다. 경찰은 A 씨가 선거운동원에게 직접적인 폭행을 했는지 여부와 함께 정치적인 목적에서 범행을 저질렀는지 등 자세한 경위를 조사할 예정입니다. 앞서 경찰은 지난달 30일에도 강서구 방신시장 인근에서 유세 중이던 김 후보 측 선거운동원 2명에게 욕설을 하고 우산을 휘두른 50대 여성을 붙잡은 바 있습니다.","7","169",NULL
"100","1396","연합뉴스","고일환 기자","엎친 데 덮친 GM…미국에 이어 캐나다에서도 노동자 파업","2023-10-10 23:09:53","2023-10-10 23:10:10","(뉴욕=연합뉴스) 고일환 특파원 = 미국 노동자들의 파업 사태 해결을 위해 고심 중인 제너럴모터스(GM)가 캐나다에서도 파업으로 인한 생산 차질이 불가피하게 됐다.    월스트리트저널(WSJ)은 10일(현지시간) 캐나다 자동차 노조인 '유니포'가 전날 GM과의 단체협약 갱신에 실패함에 따라 파업에 돌입했다고 보도했다.    약 4천300명의 노조원이 참가하는 이번 파업에 따라 GM의 북미 베스트셀러 모델인 픽업트럭 '실버라도'의 캐나다 조립 공장의 정상 운영이 불가능해졌다.    또한 캐나다뿐 아니라 미국의 픽업트럭 공장에서 사용되는 엔진 제조공장과 부품공급센터도 파업 대상으로 포함됐다.    최근 포드와의 단체협상을 타결한 캐나다 자동차 노조는 GM에도 비슷한 수준의 임금 인상을 요구하는 것으로 알려졌다.    포드는 캐나다 자동차 노조에 3년간 총 15%의 임금인상과 연금 확대 등을 약속했다.    미국 생산 공장의 파업이 한 달 가까이 이어지고 있는 상황에서 캐나다에까지 파업이 확산함에 따라 GM 영업에 타격이 예상된다.    앞서 전미자동차노조(UAW)는 지난달 15일부터 GM과 포드, 스텔란티스 등 미국 3대 자동차 제조사를 대상으로 한 파업을 벌이고 있다.    당초 UAW는 3개 제조사의 미국 내 공장 각각 1곳에서 동시에 파업을 벌였지만, 지난달 말부터는 파업 참가 사업장을 GM과 스텔란티스의 38개 부품공급센터로 확대했다. 파업 참가 노조원 수도 약 2만5천 명으로 늘었다.    UAW는 향후 4년에 걸쳐 최소 40% 임금 인상, 전기차 생산직 고용 안정 등을 요구하고 있다.    특히 UAW는 전기차 배터리 공장의 노동자 또한 단체 협약 대상으로 포함돼야 한다는 입장이다.    제조사들은 UAW의 요구 조건에 부정적인 반응을 보였지만 최근 GM은 전기차 배터리 공장의 노동자를 단체 협약 대상으로 포함하는 데 동의했다.    koman@yna.co.kr","3","131",NULL
"51","1347","연합뉴스","강병철 기자","美, 수소허브 7곳 선정 9조4천억원 지원…청정수소 생산 가속화","2023-10-13 23:15:25","2023-10-13 23:16:09","(워싱턴=연합뉴스) 강병철 특파원 = 미국 바이든 정부가 탄소 배출 절감 차원에서 7곳의 수소 허브에 모두 70억 달러(약 9조 4천억원)를 지원한다.    백악관은 미국 내 저비용 청정 수소 시장 확대를 가속하기 위해 에너지법에 따라 이같은 지원을 실시한다고 13일(현지시간) 밝혔다.    이번에 선정된 7곳의 프로젝트 가운데 펜실베이니아 허브에는 최대 7억5천만달러가 지원된다. 정유업체인 BFP에너지, 에어리퀴드 등이 파트너사로 참여하는 이 허브는 기존 석유 인프라에서 재생에너지와 핵에너지를 수소로 생산하게 된다고 백악관은 설명했다.    아마존 등이 파트너로 참여하는 캘리포니아 기반 허브는 재생에너지와 바이오매스로 수소를 생산하며 대중교통, 대형트럭 운송 및 항만 운영에서의 탈탄소화를 목표로 하고 있다. 여기에는 12억달러가 지원된다.    또 웨스트버지니아, 휴스턴, 미네소타 등의 지역을 기반으로 하는 수소 허브 프로젝트도 지원 대상에 선정됐다.    이들 수소 허브는 모두 연간 300만t 이상의 청정 수소를 생산하게 된다. 이는 2030년 기준 청정수소 생산 목표의 3분의 1에 해당하는 규모라고 백악관은 설명했다.     현재 미국 내 수소 생산은 거의 이뤄지지 않고 있으나 2030년까지 1천만t으로 늘어날 것으로 보인다고 에너지부 보고서를 토대로 블룸버그 통신이 보도했다.    백악관은 또 7곳의 수소 허브가 연간 2천500만t의 이산화탄소 배출을 제거할 수 있다고 말했다.    백악관은 보도자료에서 7곳의 수소 허브는 400억달러 이상의 민간 투자를 촉진하고 수만개의 양질의 일자리를 창출할 것이라고 말했다.    조 바이든 대통령은 2050년까지 미국의 탄소 배출량을 '제로(0)'로 만들겠다고 공약한 바 있으며 인프라 법과 인플레이션 감축법(IRA) 등을 통해 각종 친환경 투자를 실시하고 있다.    soleco@yna.co.kr","1","89",NULL
"119","1532","조선비즈","홍다영 기자","불꽃 축제 인파에 배달 제한…당근마켓 ‘70만원 아파트 대여’ 거래도","2023-10-07 23:56:01","2023-10-07 23:56:01","서울 여의도 한강공원에서 열린 서울세계불꽃축제에 인파 100만여 명이 몰리며 인근에서 음식 배달이 제한됐다. 중고거래 사이트에는 불꽃 축제를 관람할 수 있는 아파트 대여권이 70만원에 올라왔으며 시내 도로 곳곳에서는 교통 혼잡이 발생했다.배달 앱 배달의민족을 운영하는 우아한형제들은 7일 오후 2시쯤부터 여의도 일대에서 배민1 서비스를 탄력적으로 운영했다. 여의도 외에 영등포구, 동작구, 마포구, 용산구 등도 불꽃 축제의 영향을 받을 것으로 보고 제한적으로 배민1을 운영했다. 불꽃 축제가 끝난 뒤 서비스를 정상화했다.쿠팡이츠는 이날 오후 1시부터 11시쯤까지 인파가 몰릴 것으로 보고 매장과 고객, 라이더의 안전을 위해 여의도 인근에서 배달을 중단했다. 포장 주문은 가능했다. 요기요도 안전을 위해 불꽃 축제 운영 시간에는 여의도 일부에서 서비스를 일시 중단했다.        이날 불꽃 축제에는 100만여 명이 몰리며 인산인해(人山人海)를 이뤘다. 중고 거래 사이트 당근마켓에는 불꽃 축제를 6시간 동안 관람할 수 있는 아파트 대여권을 70만원에 판매한다는 게시글이 올라왔다. 판매자는 “안방, 거실, 작은방 모두 같은 방향이라 많은 분이 와도 불꽃 축제를 관람할 수 있다”며 “이용 시간은 오후 6시부터 자정까지”라고 했다.이날 동작구 용양봉저정 인근 등은 한때 출입이 통제됐다. 여의나루역에서는 이날 오후 5시 30분부터 6시 30분쯤까지 지하철 상하선 6대가 무정차 통과했다. 열차에서는 승객이 많아 안전을 위해 정차하지 않고 통과한다는 안내 방송이 나왔다. 여의도에선 따릉이와 킥고잉, 씽씽 등 자전거와 전동 킥보드 대여·반납이 일시 중단됐다. 축제가 열리는 수상 구간에서는 민간 보트 통행이 통제됐다.불꽃 축제는 이날 오후 7시 20분쯤 시작해 8시 35분쯤 막을 내렸다. 축제가 끝난 뒤 수많은 인파가 한꺼번에 귀가하며 교통 혼잡이 발생했지만 안전 요원의 통제로 큰 사고는 없었다. 여의도환승센터·여의도역(5·9호선)·여의나루역을 경유하는 26개 버스 노선은 행사 종료 시각에 맞춰 집중 배차됐다. 서울시는 이날 행사장에 종합안전본부를 설치하고 안전요원 277명을 투입했다.","7","138",NULL
"136","1549","세계일보","김수연 기자","“휴대폰 좀 빌려주세요”…택시 승객 떠나자 빠져나간 1억","2023-10-08 23:49:01","2023-10-08 23:49:01","내비게이션을 검색하겠다며 고령의 택시 기사들에게 휴대전화를 빌린 뒤 은행 애플리케이션에서 1억여원을 인출해 가로챈 20대 남성이 경찰에 붙잡혔다.     인천 삼산경찰서는 컴퓨터 등 사용 사기 혐의로 20대 남성 A씨를 구속했다고 8일 밝혔다.     A씨는 지난 8~9월 수도권 일대 택시에 손님으로 탑승해 기사 17명의 계좌에서 현금 1억500만원을 가로챈 혐의를 받고 있다.     조사 결과 A씨는 기사 계좌에 택시비를 송금할 때 실수로 더 많이 보냈다며 인근 현금인출기(ATM)에서 돈을 인출하도록 한 뒤 비밀번호를 몰래 훔쳐본 것으로 파악됐다.     이후 택시에 다시 탄 A씨는 내비게이션을 검색하겠다며 기사의 휴대전화를 빌려 은행 앱을 설치하고 자신의 대포통장으로 예약 송금한 것으로 파악됐다.     A씨는 또 기사에게 지인 계좌로 소액을 보내달라고 부탁한 뒤 송금 장면을 몰래 촬영하고는 재차 휴대전화를 빌려 현금을 인출하기도 했다.     A씨는 주로 심야 시간대 60~70대 등 고령의 택시 기사들을 상대로 범행한 것으로 확인됐다.     피해 기사의 신고를 받고 수사에 나선 경찰은 A씨를 입건한 뒤 최근 검찰에 송치했다.","7","170",NULL
"53","1349","KBS","KBS울산 기자","신복로터리 평면교차로 전환…득일까? 실일까?","2023-10-13 23:08:03","2023-10-13 23:38:01","[KBS 울산] [앵커] 신복로터리가  3개월 간의 공사를 마치고 이번 주말부터 평면교차로로 바뀝니다. 울산시가 기대했던 교통체증 해소와 사고발생 감소에 얼마나 효과가 있을지가 관심입니다. 신건 기자가 취재했습니다. [리포트] 3개월 전만 해도  우뚝 서있던 제2공업탑이 사라지고, 지금은 차선 도색과 신호등 설치 등이 한창입니다. 지난 7월부터 시작한  평면교차로 공사가 마무리되면 일요일인 15일 오전 6시부터 신복로터리는 회전교차로에서 평면교차로로 바뀝니다. 신복로터리는  최근 5년간 교통사고가 120건이 날 정도로 교통사고 다발 구역인데다, 교통체증까지 잦은 곳이었습니다. 울산시는 평면교차로로 만들면서 교통사고와 교통체증이 줄어들 것으로 기대하고 있습니다. 하지만 비슷한 구조의  다른 교차로들을 보면  실질적인 효과가 나타날지는 미지숩니다. 대표적인 곳이  1981년 부산탑을 철거하고,  평면교차로로 바꾼 부산의 서면 교차로입니다. 신복로터리처럼  다섯 갈래로 길이 나눠지는데,  2017년부터 2019년 사이에는 부산에서 교통사고가 세 번째로 많았습니다. 울산시는  교통안전을 위한 장치들을 신복로터리에 설치한다는 계획입니다. [김호경/울산시 교통기획과장  :  보행자들 안전을 위해서 바닥 신호등, 활주로형 횡단보도, 컬러 유도선을 설치를 했고요.  과속이나 불법 차량 단속을 위해서 후방(단속)카메라를 설치했습니다.] 또 사고 예방을 위해  북부순환도로에서 삼호로 방면 좌회전은 금지하고, 대신 고속도로방면으로 진출했다 신복고가 하부도로로 유턴하도록 홍보를 강화할 계획입니다. 50년 만에 회전교차로에서 평면교차로로 바뀌게 된 신복로터리. 새로 바뀐 교통체계가 교통사고와 교통체증을 줄이는데 얼마나 효과가 있을지 관심이 모아지고 있습니다. KBS 뉴스 신건입니다. 촬영기자:최진백","4","92","10"
"90","1386","YTN","이승은 기자","IMF, 내년 성장률 2.2%로 하향...중국 경제 부진 영향","2023-10-10 23:29:59","2023-10-10 23:33:01","[앵커]국제통화기금, IMF가 내년 우리 경제 성장률 전망치를 0.2%p 내려 2.2%에 그칠 것으로 내다봤습니다.내년 4.2% 성장에 그칠 것으로 전망된 중국 경제 부진의 영향입니다.세계 경제도 올해보다 성장세가 소폭 낮을 것으로 전망했습니다.이승은 기자가 보도합니다.[기자]세계 경제가 연착륙을 향해 가고 있다고 밝힌 국제통화기금, IMF가 올해 세계 경제 성장률 전망치를 3%로 유지했습니다.5번 연속 하향한 올해 우리 경제 성장률도 지난 7월 전망치, 1.4%를 유지했습니다.미국은 2.1%로 0.3%포인트, 인도는 6.3%로 0.2%포인트 올렸습니다.일본의 경우 0.6%포인트 껑충 올려 2% 성장을 예상한 반면, 반면 중국은 0.2%포인트 하락한 5%로 하향 조정했습니다.IMF는 앞서 지난 9월 중국 정부에 구조개혁을 하지 않으면 중기적으로 4% 성장률도 어려울 것이라고 경고했습니다.[크리스탈리나 게오르기에바 / 국제통화기금(IMF) 총재 (지난 5일) : 강력한 경제 회복세는 미국과 인도, 신흥 경제국에서 나왔습니다. 중국 경제는 기대보다 저조합니다.]문제는 내년입니다.IMF는 내년 세계 경제 성장률을 0.1%포인트 내려 올해보다 못한 2.9%로 전망했습니다.우리나라 전망치도 2.2%로 석 달 전보다 0.2%포인트 내렸습니다.정부 전망치 2.4%를 밑도는 수치입니다.제일 큰 교역국인 중국 경제 부진 때문입니다.IMF는 내년 중국 성장률을 4.2%로 0.3%포인트나 하향 전망했습니다.코로나 이전 20년 평균 세계 경제 성장률은 3.8%.IMF는 주요국 가운데 현재 생산량이 팬데믹 이전으로 정상화한 나라는 미국밖에 없어 성장이 고르지 않다고 밝혔습니다.적어도 2025년까지 많은 나라에서 물가가 목표를 웃돌고, 앞으로 5년간 성장세가 약할 것이라고 내다봤습니다.[크리스탈리나 게오르기에바 / 국제통화기금(IMF) 총재 (지난 5일) : 고물가는 소비자와 투자자의 확신을 떨어뜨립니다. 성장의 토대를 잠식하고, 무엇보다 가장 가난한 사람들을 힘들게 합니다.]IMF는 물가를 잡는 것이 최우선 과제라고 강조하며 조급한 금리 완화는 피해야 한다고 조언했습니다.YTN 이승은입니다.영상편집 : 전자인그래픽 : 김진호영상출처 :  IMF 유튜브※ '당신의 제보가 뉴스가 됩니다'[카카오톡] YTN 검색해 채널 추가[전화] 02-398-8585[메일] social@ytn.co.kr","6","111",NULL
"33","1329","매일경제","류영상 기자","‘30억 대박’ 로또 1등 9명 당첨자들, 어디서 샀나 봤더니","2023-10-14 22:39:01","2023-10-14 22:39:01","동행복권은 제1089회 로또복권 추첨에서 ‘4, 18, 31, 37, 42, 43’이 1등 당첨번호로 뽑혔다고 14일 밝혔다. 2등 보너스 번호는 ‘40’이다.당첨번호 6개를 모두 맞힌 1등 당첨자는 9명으로 29억7852만원씩 받는다.당첨번호 5개와 보너스 번호가 일치한 2등은 79명으로 각 5655만원씩을, 당첨번호 5개를 맞힌 3등은 2825명으로 158만원씩을 받는다.당첨번호 4개를 맞힌 4등(고정 당첨금 5만원)은 13만8575명, 당첨번호 3개가 일치한 5등(고정 당첨금 5000원)은 233만8390명이다.1등 당첨자 9명 중 자동선택은 6명으로 ▲황금복권방(부산 부산진구 가야대로 613 상가동1층114호) ▲대산슈퍼(부산 북구 만덕대로 166) ▲행운마트(인천 남동구 만수로 65) ▲대한유통(울산 북구 박상진11로 1 1층112호) ▲세븐일레븐 화성봉담대로점(경기 화성시 삼천병마로 894-4 1층) ▲자수정슈퍼(전북 전주시 완산구 용머리로 152)이다.수동선택은 3명으로 ▲돈벼락맞는곳(부산 기장군 읍내로 109) ▲행복드림로또판매점(인천 강화군 중앙로 68 1층 101-1호 하나로마트) ▲광교호수공원 복권명당점(경기 수원시 영통구 광교호수공원로 20 1층 114호)이다.한편 당첨금 지급 기한은 지급 개시일로부터 1년 이내로, 당첨금 지급 마지막 날이 휴일이면 다음 영업일까지 수령 가능하다.","7","76","2"
"95","1391","KBS","KBS울산 기자","울산 기름값 13주 연속 상승…이스라엘 변수 주목","2023-10-10 23:20:25","2023-10-11 00:12:39","[KBS 울산]울산의 휘발유와 경유 가격이 13주째 상승했습니다.한국석유공사 유가정보사이트 오피넷에 따르면 10월 첫째주 울산지역 주유소의 휘발유 평균 판매가격은 일주일 전보다 6.83원 오른 리터당 1781원을 기록했고 경유도 리터당 1681원으로 7.36원 올랐습니다.한국석유공사는 최근 하마스의 이스라엘 기습 공격으로 중동지역의 긴장이 고조되고 있어 향후 유가의 변수가 될 것으로 분석했습니다.","1","91","3"
"58","1354","TV조선","정준영 기자","예상치 웃돈 美물가에 추가 긴축 우려…증시 하락·환율 상승","2023-10-13 22:34:02","2023-10-13 22:56:09","[앵커]미국의  물가 오름세가 예상을 웃돈 걸로  나타나면서 미 연준의 고민이 다시 깊어졌습니다. 물가만 잡히면 이제 금리를  동결하자는 목소리가 나오던  참이었던데 물가가 다시 발목을  은 겁니다. 미국의 추가 긴축 우려에 국내 증시도 불안한 모습을 보였습니다. 정준영 기자가  보도합니다.[리포트]미국의 한 음식점. 부쩍 오른 물가에 손님은 줄었는데, 재료비는 무섭게 치솟았습니다. 나폴레옹 쿠에바스 / 미 음식점 운영 예전엔 치킨이 파운드 당 0.99달러였는데, 지금은 거의 2달러를 지불해야 합니다. 지난달 미국 소비자물가는 1년 전보다 3.7% 오르며 시장 예상을 웃돌았습니다. 에너지와 식료품을 뺀 근원 물가상승률은 4.1%까지 내려왔지만, 아직 갈길이 멉니다.옐레나 말레예프 / KPMG 경제연구소 여전히 인플레이션율은 연준 목표치 2%의 두 배가 넘고, 소비자들과 가계엔 부담스러운 수준입니다.최근 연준 내부에서 금리 동결 목소리가 나오며 긴축 완화 기대감이 커진 상태였는데, 예상 밖의 물가 강세에 뉴욕 증시는 약세로 돌아섰습니다. 국내 증시는 1%대 안팎으로 하락했고, 원달러 환율은 10원 넘게 뛰면서 1350원까지 올라섰습니다. 이스라엘과 하마스 전쟁도 큰 변수입니다. 확전 등으로 국제유가가 올라 물가를 밀어올리면 결국 긴축과 고금리, 증시 불안으로 이어집니다. 석병훈 / 이화여대 경제학과 교수 국제유가 상승세가 지속될 경우엔 기준금리를 추가적으로 상승하지 않더라도 고금리를 유지하는 기간은 길어질 것으로 예상됩니다. 정부는 만일의 상황에 대비한 비상 계획을 점검하고 있습니다. TV조선 정준영입니다.","6","97","3"
"89","1385","노컷뉴스","박지환 기자","이스라엘군 공습으로 하마스 지도자 2명 사살","2023-10-10 23:31:01","2023-10-10 23:31:01","반격을 준비 중인 이스라엘군(IDF)이 팔레스타인 가자 지구에 대한 공습으로 하마스의 고위 간부 2명을 사살했다고 밝혔다.이스라엘군은 10일(현지시간) 하마스 테러 조직의 정치국 고위 간부이자 내무 관계 책임자인 자카리아 아부 마아마르가 이스라엘군의 항공기에 피격당했다고 텔레그램을 통해 전했다.이스라엘군에 따르면 자카리아 아부 마아마르는 하마스의 고위 의사 결정권자 중 한명으로 가자 지구 내 테러 단체 간의 조정자다.이스라엘군은 그가 수많은 테러 활동 계획에 관여한 인물이라고 설명했다.이스라엘군은 하마스의 경제 장관인 조아드 아부 슈말라도 공습했다고 밝혔다.","3","124","3"
"23","1319","미디어오늘","김예란 교수","'가짜뉴스,' 가짜권력, 가짜정치","2023-10-14 23:06:00","2023-10-14 23:06:00","이 제목은 소란스럽고 선정적이다. 이 '가짜뉴스-가짜권력-가짜정치' 삼위일체는 '가짜'라는 선정적인 용어를 반복적으로 강화하는 전략으로 심각한 정치 왜곡 효과를 낳고 있는 현 정부의 오류를 고스란히 드러낸다. 이쯤 되면 현재 한국의 당정은 이른바 '가짜뉴스'의 진정한 팬이라 해도 무리가 아니다. 가짜뉴스 근절이라는 명목으로 한국 사회의 미디어 생태계 파괴를 적극적으로 추진하고 있기 때문이다. 가짜뉴스가 없었으면 이 정부는 무엇을 먹고살았을지 궁금하기조차 하다. 이 현실은 여러 이유에서 대단히 문제가 있다. '가짜뉴스'라는 어휘부터가 부정확한 단어다. 이처럼 가짜 어휘를 매개로 거칠게 밀어붙이는 정치 판단이 올바를 리 없다. 억지와 과장과 비약으로 점철된 가짜 판단이 될 가능성이 크다. 그리고 가짜 단어, 가짜 판단에 의존한 정치 행위가 정당할 여지는 거의 없다. 따라서 토론, 교섭, 경합의 '정치' 대신 독단, 처벌, 제압의 '가짜정치'가 파생된다.  가짜뉴스가 부정확한 단어라는 건 기초적인 미디어 안내서에서조차 잘 설명되어 있다. 가짜뉴스(Fake news)는 '틀린 뉴스(False)'가 아니다. 진짜처럼 모조 된 대상을 의미한다. 까다로운 문제는 가짜가 진짜로 '보일 수 있는' 상황에서 이것이 가짜인지 진짜인지를 판단하는 인식론적 문제와 연관된다. 그 누구도, 권위 있는 기관이든 국가 원수이든지 간에 진짜와 가짜를 완벽하게 분별할 절대적 능력이나 권위를 지닌 건 아니기 때문이다. 따라서 이처럼 부정확한 개념을 대체하기 위해 국제적으로 합의된 개념은 우리말로는 '허위 조작 정보', 더 자세하게는 '미스인포메이션(misinformation)'과 '디스인포메이션(disinformation)'으로 구분되는 개념들이다. 디스인포메이션은 나쁜 의도를 가지고 일부러 왜곡한 정보이고, 미스인포메이션은 우연한 오류로 오도하는 효과를 가져오게 된 정보다. 현재 정부가 가짜뉴스라고 처벌하려는 뉴스가 디스인포메이션인지 미스인포메이션인지를 정확히 구분한 후에야 정부 조치의 정당성이 확보될 수 있다. 반대로 이 같은 판단에는 무지하거나 게으르면서 무조건 가짜라며 벌하려 달려드는 처사처럼 무지하고 악한 일도 없다. 가짜뉴스 대신 디스/미스인포메이션 개념을 적용하는 접근의 또 다른 장점은 '뉴스'와 '정보'가 구별될 수 있다는 사실에 있다. 잘못된 정보를 가짜뉴스라고 부르면 그게 진짜건 가짜건 어쨌거나 이 대상을 '뉴스'라고 인정하는 셈이다. 다시 말해 뉴스가 '진짜뉴스'와 '가짜뉴스'의 두 종류로 나뉘는 셈이다. 하지만 뉴스의 절대 원칙은 '모든' 뉴스는 '언제나' 진실해야 한다는 점에 있다. 이 원칙에 따르면 이른바 가짜뉴스라고 불리는 이 대상은 절대로 '뉴스'가 될 수 없다. 대신 단지 '정보'의 일종으로서 나쁜 정보인 것이다. 요약하자면 모든 뉴스는 옳고 정확해야 한다, 반드시 그리고 언제나. 따라서 의도적(디스인포메이션)이든 비의도적(미스인포메이션)이든 이 뉴스의 기준에서 이탈한 대상은 뉴스 자격이 박탈되고 단지 정보라고 불려야 한다. 다시 말해 가짜뉴스란 말을 쓰지 않으려는 식견은 저널리즘의 가치와 존엄을 지키기 위한 준엄한 노력인 것이다. 반대로 가짜뉴스를 없앤다는 핑계로 가짜뉴스를 외치는 건 저널리즘을 망치려는 가짜권력의 치사한 본성과 다름없다. 마지막으로 때때로 현 정부가 공격하는 '진짜' 목표는 가짜뉴스 자체라기보다 가짜뉴스를 생산한다고 혐의를 씌운 미디어 조직으로 보이곤 한다. 정말 순수하게 가짜뉴스가 문제라고 생각한다면, 그 뉴스에 대한 개별적인 조치를 취하고 뉴스 품질을 높이도록 지원하는 게 맞다. 그러나 지금 우리가 목도하는 현실은, '가짜뉴스라는 낙인→해당 미디어 조직에 대한 수사→최고책임자 징계→마지막으로 수십 년 전에나 본 적이 있었던 옛 인물의 부활'의 공식이다. 이 모든 과정이 과연 저널리즘의 품질을 향상시키며 미디어 생태계를 풍요롭게 성장시킨다는 본연의 목적과 무슨 연관이 있는지…? 이같은 냉소, 좌절, 우려가 가짜뉴스 / 가짜권력 /가짜정치의 삼위일체가 낳은 가장 가슴 아픈 사회적 손실 중 하나다.  진짜가짜를 따지는 유치한 게임은 중단될 필요가 있다. 가짜를 잡겠다는 명목으로 전체를 질식시키는 위험한 책략 역시 중지돼야 한다. 정치는 진짜가짜 처벌 게임이 아니다. 프랑스의 사상가 미셸 푸코가 말했듯이, 정치는 진실을 위한 열린 경합이고 투쟁이어야 하며, 이 모든 정치 행위의 근간은 진실 실천의 자유에 있다. 윤석열 대통령은 자유를 대단히 좋아하는 듯하다. 자유의 수호자가 되어 자유를 해치는 어떤 세력에 대해서도 엄벌하겠다고 틈만 나면 맹세한다. 그러나 그의 큰 착오는 자유를, 권력이 보증해 주면 되는 전리품 정도로 여긴다는 점에 있다. 자유는 박제의 대상이 아니다. 자유는 남이 대신 지켜주는 것도 아니다. 자유는 처음부터 끝까지 주체가 '스스로' 그리고 '실천'할 때만이 비로소 자유로서 성립되고 본래의 의미를 지닐 수 있다. 현대 민주주의에서 양질의 정보와 뉴스, 다양한 주장과 비판은 자유가 제대로 실행될 수 있는 가장 중요한 자원이고 동맥이다. 정치란 다양한 정보, 뉴스, 의견, 주장, 비판이 겨루면서 최선의 진실에 도달하는 과정 그 자체이기 때문이다. 계속 푸코를 따라가자면, 현대 민주주의는 하나의 진실 체제로서 진실에 대한 열린 투쟁을 근거로 진행된다. 통치 권력은 진실을 결정하는 가장 막강한 힘을 지니는데 이에 대해 비판은 시민이 발휘하는 진실 실천의 자유다. 비판은 위로부터 부여되는 진실에 대한 '숙고된 불복종'으로서 의미를 지닌다. 통치 권력이 진짜와 가짜, 아니 진실과 허위를 심판할 권위를 독점할 때, 체제에 대한 어떤 비판도 가짜라고 징벌할 때, 진실을 둘러싼 모든 정치적 노력은 가짜정치라는 파국으로 추락하고 만다. 그러나 역설적이게도 가짜정치의 진짜 가짜 게임판에서 걸려 넘어지는 건 가짜정치 자신이다. 가짜를 먹으며 증식하는 권력이 진실의 정치를 언제나 그리고 영원히 이길 수 있는 건 아니기 때문이다. 가짜의 생명력은 의외로 짧다. 이는 가짜뉴스를 먹고 자라는 가짜정치가 유념해야 할 진실이기도 하다.","7","65",NULL
"93","1389","KBS","김혜주 기자","중동발 대외 악재 추가…환율·물가 부담 더 커진 한국 경제","2023-10-10 23:23:28","2023-10-10 23:50:08","[앵커] 우리 경제가 신경 써야 할  또 다른 변수가 생겼는데요, 바로 지금 벌어지고 있는 중동 지역에서의 갈등입니다. 오늘 우리 금융 시장은  크게 요동치진 않았지만, 미국 긴축 장기화 등 악재가 겹친 상황에서  부담이 더해졌다는 우려가 나옵니다. 무엇보다  앞으로 유가 흐름에 따라 우리 경제 향방도 달라질 수 있습니다. 김혜주 기자입니다. [리포트] 중동에 일고 있는 전운 속에 연휴를 보내고 문을 연 주식 시장, 오전엔  뜻밖의 오름세를 보였습니다. 그러나 곧 분위기가 달라졌습니다.오후 들어 아래로 밀리더니, 코스피는 0.26%,  코스닥은 2% 넘게 하락했고  800선이 무너지며 장을 마쳤습니다. [김형렬/교보증권 리서치센터장 : 코스닥 기업들의 경우에는 환율과 금리에 대한 민감도가 큰 중소기업들이 많이 분포되어 있는 상태입니다. 불확실성이 커지는 상태에서 변동 위험이 커지게 되니 중·소형주들에 대한 기피 심리가 상대적으로 커진 것이 (하락 원인입니다).] 이런 주식시장 흐름엔 여러 원인이 작용한 것으로 보입니다.전문가들은 고금리 지속 전망과  중국 부동산개발업체 부도 위험 부각,  기업 실적에 대한 우려 같은  다양한 하락 요인을 걱정하고 있습니다.  여기에 이스라엘-하마스 충돌이 또 다른 악재가 된 셈입니다. 다만, 확전 여부와  석유 공급 전망이  아직 불투명한 만큼  영향은 제한적입니다. 결국, 관건은 유가입니다.이번 사태로 4% 급등한 국제유가의  오름 폭이 확대되면, 전기요금 인상 압박이 커지고  외식물가나 가공식품 물가 상승에도 연쇄효과를 불러올 수 있기 때문입니다.  정부도  이 부분을 챙기고 나섰습니다.[윤석열 대통령 : 생활물가 안정 방안과 서민 금융 안전 장치를 확실하게 마련하고, 동절기 대비 에너지 취약계층 지원도 철저하게 챙겨주시기 바랍니다.] 유가와 함께 수출 실적 개선도 중요한 변수입니다. 수출로 달러를 벌어 들여야  원화 가치가 안정되고, 고물가를 버텨 나갈  체력도 비축할 수 있기 때문입니다. KBS 뉴스 김혜주입니다. 촬영기자:김태석/영상편집:박은주/그래픽:김석훈","7","128","3"
"21","1317","매일신문","황희진 기자","[속보] 이스라엘서 한국 163명, 日 51명, 싱가포르 6명 등 220명 태운 군수송기 서울공항 무사 도착","2023-10-14 23:13:01","2023-10-14 23:15:01","팔레스타인 무장단체 하마스의 기습 공격에 대응해 이스라엘이 하마스 본거지 가자지구에 대한 지상군 투입을 앞두고 있는 가운데, 그 직전 한국인 163명 등 총 220명을 빼낸 우리 공군 수송기가 14일 저녁 경기 성남 소재 서울공항에 무사히 도착했다.외교부와 국방부는 한국인과 일본인, 싱가포르인 등 220명을 태운 공군 KC-330 '시그너스' 다목적 공중급유 수송기가 이날 오후 10시 45분쯤 성남공항 활주로에 착륙했다고 밝혔다.우리 공군 수송기는 전날 정오쯤 한국에서 출발, 이스라엘 현지시간으로 13일 오후 이스라엘 텔아비브 벤 구리온 국제공항에 도착했으며, 이어 14일 새벽 다시 한국으로 출발했다.","4","63","3"
"135","1548","여성신문","이하나 기자","강서구청장 유세현장서 선거운동원에 욕설·위협한 40대 남성 체포","2023-10-08 23:51:01","2023-10-08 23:51:01","서울 강서구청장 보궐선거 유세 현장에서 선거운동원에게 욕설을 하고 위협한 혐의를 받는 40대 남성이 경찰에 붙잡혔다.서울 강서경찰서는 8일 오후 공직선거법 위반(선거사무관리관계자나 시설 등에 대한 폭행·교란) 혐의로 40대 A씨를 체포해 조사 중이라고 밝혔다.A씨는 이날 오후 1시30분께 강서구 방화사거리에서 유세 중인 국민의힘 김태우 후보 측 선거운동원들에게 욕설을 하고 주먹을 휘둘러 위협한 혐의를 받는다.경찰은 어떤 남성이 행패를 부리며 선거 유세를 방해한다는 취지의 신고를 받고 출동해 A씨를 현행범 체포했다.경찰은 구체적 범행 동기와 사건 경위를 조사한다는 방침이다.","4","153","4"
"151","1564","SBS","이태권 기자","강서구청장 선거운동원에 행패…40대 체포","2023-10-08 23:00:52","2023-10-08 23:02:01","서울 강서구청장 보궐선거 유세현장에서 선거운동원들에게 행패를 부린 40대 남성이 경찰에 붙잡혔습니다.서울 강서경찰서는 오늘(8일) 오후 강서구 방화동의 한 사거리에서 강서구청장 보궐선거에 나선 국민의힘 김태우 후보 측 선거운동원을 폭행한 혐의로 40대 남성 A 씨를 입건해 조사 중이라고 밝혔습니다.A 씨는 유세 중이던 김 후보 측 선거운동원들에게 욕설을 하고 주먹을 휘두른 혐의(공직선거법 위반)를 받습니다.신고를 받고 출동한 경찰은 A 씨를 현행범 체포했습니다.앞서 경찰은 지난달 30일에도 강서구 방신시장 인근에서 유세 중이던 김 후보 측 선거운동원 2명에게 욕설을 하고 우산을 휘두른 혐의로 50대 여성을 검거하기도 했습니다.(사진=연합뉴스)","4","169","4"
"94","1390","KBS","KBS울산 기자","울산 아파트값 15개월째 하락…전국은 상승 전환","2023-10-10 23:21:32","2023-10-11 00:12:46","[KBS 울산]지난달 전국의 아파트값은 상승세로 돌아섰지만 울산은 하락세가 지속되고 있다는 조사 결과가 나왔습니다.KB부동산의 주택가격 동향에 따르면 지난달 전국 아파트 매매가격은 전월 대비 0.09% 올랐습니다.반면 지난달 울산의 아파트값은 한달 전보다 0.13% 하락하며 지난해 7월 이후 15개월 연속 내림세를 이어갔습니다.지난달 울산의 아파트 전세가격도 전월 대비 0.52% 하락했습니다.","10","81","8"
"42","1338","YTN","이동우 기자","16일부터 한 달 동안 불법 자동차 집중 단속","2023-10-13 23:40:40","2023-10-13 23:43:11","국토교통부는 오는 16일부터 한 달 동안 행정안전부, 경찰청, 지방자치단체 등과 합동으로 불법 자동차 집중 단속을 한다고 밝혔습니다.승용차와 이륜차의 경우 불편을 초래하는 등화장치와 소음기 장착 등의 불법 튜닝, 무등록, 번호판 미부착 등을 단속할 예정입니다.장기간 무단 방치된 차량도 단속 대상에 포함됩니다.화물차의 경우 속도제한장치 무단 해제, 판스프링 불법 부착이나 차량 뒤에 붙이는 반사판 불량 등이 단속 대상입니다.국토부 등은 올해 상반기 불법 차량 총 17만 6천185대를 적발해 번호판 영치, 과태료 부과, 고발 조치 등의 처분을 했습니다.적발 건수는 지난해 상반기보다 24% 늘어났습니다.단속 항목별로 보면 불법 이륜차와 불법 튜닝 등이 늘었고, 불법 명의 자동차와 무등록 자동차는 줄었습니다.국토부는 불법 차량을 누구나 간편하게 신고할 수 있는 '안전신문고 앱' 플랫폼이 지난 4월 개통된 이후 신고 건수도 늘고 있다고 밝혔습니다.※ '당신의 제보가 뉴스가 됩니다'[카카오톡] YTN 검색해 채널 추가[전화] 02-398-8585[메일] social@ytn.co.kr","3","79","10"
"80","1376","YTN","김철희 기자","'10억 수수' 이정근 전 민주당 사무부총장 2심 감형...징역 4년 2개월","2023-10-11 23:29:45","2023-10-11 23:40:31","청탁 대가로 사업가로부터 10억 원 상당의 뒷돈을 받은 혐의로 기소된 이정근 전 더불어민주당 사무부총장이 2심에서 감형됐습니다.서울고등법원은 오늘(11일) 알선수재와 정치자금법 위반 혐의로 재판에 넘겨진 이 전 부총장에게 징역 4년 2개월과 추징금 8억 9천여만 원을 선고했습니다.재판부는 1심에서 인정한 수수자금 가운데 일부 공소사실을 무죄로 판단해 형량과 추징금을 줄였는데, 검찰이 구형한 징역 3년보다는 무거운 형을 선고했습니다.재판부는 이 씨가 당시 집권여당 사무부총장이란 직위를 악용해 29번에 걸쳐 10억 원 가까운 돈을 수수하는 등 죄질이 나쁜데도 객관적 증거마저 부인하는 등 반성하지 않고 있다고 질책했습니다.이 전 부총장은 2019년 12월부터 지난해 1월까지 사업가 박 모 씨로부터 각종 청탁을 들어주는 대가로 9억 4천여만 원을 받은 혐의로 재판에 넘겨졌습니다.검찰은 이 씨가 21대 국회의원 선거 비용 명목으로 박 씨로부터 불법 정치자금 3억3천만 원도 받은 것으로 보고 함께 기소했습니다.앞서 지난 4월, 1심 재판부는 알선수재와 정치자금법 위반 혐의로 기소된 이 전 부총장에게 징역 4년 6개월과 추징금 9억 8천여만 원을 선고했습니다.※ '당신의 제보가 뉴스가 됩니다'[카카오톡] YTN 검색해 채널 추가[전화] 02-398-8585[메일] social@ytn.co.kr","7","119","10"
